Step,Site#,Test#,TestName,LL,HL,ValidSamples,Mean,Sigma,Cpk,CpkL,CpkH,Q1,Q2,Q3,Kurtosis,Skew,Distribution,Outliers (during DPAT computation, before relaxing limits),FarLL_1,MediumLL_1,NearLL_1,NearHL_1,MediumHL_1,FarHL_1,FarLL_2,MediumLL_2,NearLL_2,NearHL_2,MediumHL_2,FarHL_2
BEFORE_COMPUTE_DPAT,4,421,IlimSCerr,-5.4000002146e-01,5.4000002146e-01,50,-3.0498530334e-02,3.6363148723e-02,4.6704929671e+00,4.6704929671e+00,5.2296401881e+00,-5.8274593204e-02,-3.2214667648e-02,-6.8374373950e-03,4.5372998386e-01,1.6179857558e-01,Gaussian,0,n/a,n/a,n/a,n/a,n/a,n/a,n/a,n/a,n/a,n/a,n/a,n/a
AFTER_FILTER_SAMPLES,4,421,IlimSCerr,-5.4000002146e-01,5.4000002146e-01,50,-3.0498530334e-02,3.6363148723e-02,4.6704929671e+00,4.6704929671e+00,5.2296401881e+00,-5.8274593204e-02,-3.2214667648e-02,-6.8374373950e-03,4.5372998386e-01,1.6179857558e-01,Gaussian,0,n/a,n/a,n/a,n/a,n/a,n/a,n/a,n/a,n/a,n/a,n/a,n/a
AFTER_COMPUTE_DPAT,4,421,IlimSCerr,-5.4000002146e-01,5.4000002146e-01,50,-3.0498530334e-02,3.6363148723e-02,4.6704929671e+00,4.6704929671e+00,5.2296401881e+00,-5.8274593204e-02,-3.2214667648e-02,-6.8374373950e-03,4.5372998386e-01,1.6179857558e-01,Gaussian,0,-4.6685631502e-01,-3.5776686884e-01,-2.4867742267e-01,1.8768036201e-01,2.9676980818e-01,4.0585925435e-01,-4.6685631502e-01,-3.5776686884e-01,-2.4867742267e-01,1.8768036201e-01,2.9676980818e-01,4.0585925435e-01
BEFORE_COMPUTE_DPAT,4,410,Ibias_pre,5.4999998156e-07,1.4500000134e-06,50,6.3313311102e-07,2.1609254496e-08,1.2823692349e+00,1.2823692349e+00,1.2600572015e+01,6.1852284716e-07,6.3852783683e-07,6.4484743234e-07,1.0531751580e+00,-7.9565135138e-01,Gaussian (Left tailed),0,n/a,n/a,n/a,n/a,n/a,n/a,n/a,n/a,n/a,n/a,n/a,n/a
AFTER_FILTER_SAMPLES,4,410,Ibias_pre,5.4999998156e-07,1.4500000134e-06,50,6.3313311102e-07,2.1609254496e-08,1.2823692349e+00,1.2823692349e+00,1.2600572015e+01,6.1852284716e-07,6.3852783683e-07,6.4484743234e-07,1.0531751580e+00,-7.9565135138e-01,Gaussian (Left tailed),0,n/a,n/a,n/a,n/a,n/a,n/a,n/a,n/a,n/a,n/a,n/a,n/a
AFTER_COMPUTE_DPAT,4,410,Ibias_pre,5.4999998156e-07,1.4500000134e-06,50,6.3313311102e-07,2.1609254496e-08,1.2823692349e+00,1.2823692349e+00,1.2600572015e+01,6.1852284716e-07,6.3852783683e-07,6.4484743234e-07,1.0531751580e+00,-7.9565135138e-01,Gaussian (Left tailed),0,5.4999998156e-07,5.4999998156e-07,5.4999998156e-07,7.6278863800e-07,8.2761640148e-07,8.9244416497e-07,5.4999998156e-07,5.4999998156e-07,5.4999998156e-07,7.6278863800e-07,8.2761640148e-07,8.9244416497e-07
BEFORE_COMPUTE_DPAT,4,311,PIN2 IN2,-8.9999997616e-01,-3.0000001192e-01,50,-4.6472832322e-01,3.4893918602e-03,1.5736105115e+01,4.1580469260e+01,1.5736105115e+01,-4.6768906713e-01,-4.6556532383e-01,-4.6169260144e-01,-9.4297501764e-01,4.0896732539e-01,Multi-Modal,0,n/a,n/a,n/a,n/a,n/a,n/a,n/a,n/a,n/a,n/a,n/a,n/a
AFTER_FILTER_SAMPLES,4,311,PIN2 IN2,-8.9999997616e-01,-3.0000001192e-01,50,-4.6472832322e-01,3.4893918602e-03,1.5736105115e+01,4.1580469260e+01,1.5736105115e+01,-4.6768906713e-01,-4.6556532383e-01,-4.6169260144e-01,-9.4297501764e-01,4.0896732539e-01,Multi-Modal,0,n/a,n/a,n/a,n/a,n/a,n/a,n/a,n/a,n/a,n/a,n/a,n/a
AFTER_COMPUTE_DPAT,4,311,PIN2 IN2,-8.9999997616e-01,-3.0000001192e-01,50,-4.6472832322e-01,3.4893918602e-03,1.5736105115e+01,4.1580469260e+01,1.5736105115e+01,-4.6768906713e-01,-4.6556532383e-01,-4.6169260144e-01,-9.4297501764e-01,4.0896732539e-01,Multi-Modal,0,-5.0660102554e-01,-4.9613284996e-01,-4.8566467438e-01,-4.4379197206e-01,-4.3332379648e-01,-4.2285562090e-01,-5.0660102554e-01,-4.9613284996e-01,-4.8566467438e-01,-4.4379197206e-01,-4.3332379648e-01,-4.2285562090e-01
BEFORE_COMPUTE_DPAT,4,620,TM_CHECK,8.9999997499e-07,1.0999999631e-06,50,1.0139687970e-06,1.1057599210e-08,2.5934251033e+00,3.4356108062e+00,2.5934251033e+00,1.0085242366e-06,1.0153603967e-06,1.0204006458e-06,-1.5993266631e-01,-3.3433327815e-01,Clamped (Left),0,n/a,n/a,n/a,n/a,n/a,n/a,n/a,n/a,n/a,n/a,n/a,n/a
AFTER_FILTER_SAMPLES,4,620,TM_CHECK,8.9999997499e-07,1.0999999631e-06,50,1.0139687970e-06,1.1057599210e-08,2.5934251033e+00,3.4356108062e+00,2.5934251033e+00,1.0085242366e-06,1.0153603967e-06,1.0204006458e-06,-1.5993266631e-01,-3.3433327815e-01,Clamped (Left),0,n/a,n/a,n/a,n/a,n/a,n/a,n/a,n/a,n/a,n/a,n/a,n/a
AFTER_COMPUTE_DPAT,4,620,TM_CHECK,8.9999997499e-07,1.0999999631e-06,50,1.0139687970e-06,1.1057599210e-08,2.5934251033e+00,3.4356108062e+00,2.5934251033e+00,1.0085242366e-06,1.0153603967e-06,1.0204006458e-06,-1.5993266631e-01,-3.3433327815e-01,Clamped (Left),0,8.9999997499e-07,9.1445040411e-07,9.4762320174e-07,1.0471415946e-06,1.0581991938e-06,1.0803143923e-06,8.9999997499e-07,9.1445040411e-07,9.4762320174e-07,1.0471415946e-06,1.0581991938e-06,1.0803143923e-06
BEFORE_COMPUTE_DPAT,4,411,Ibias_err,-1.3500000238e+00,1.3500000238e+00,50,-5.8130525172e-01,5.5639816630e-02,4.6051839533e+00,4.6051839533e+00,1.1570283013e+01,-6.1675518751e-01,-5.6610241532e-01,-5.5075448751e-01,1.6221245453e+00,-1.0380487001e+00,Gaussian (Left tailed),0,n/a,n/a,n/a,n/a,n/a,n/a,n/a,n/a,n/a,n/a,n/a,n/a
AFTER_FILTER_SAMPLES,4,411,Ibias_err,-1.3500000238e+00,1.3500000238e+00,50,-5.8130525172e-01,5.5639816630e-02,4.6051839533e+00,4.6051839533e+00,1.1570283013e+01,-6.1675518751e-01,-5.6610241532e-01,-5.5075448751e-01,1.6221245453e+00,-1.0380487001e+00,Gaussian (Left tailed),0,n/a,n/a,n/a,n/a,n/a,n/a,n/a,n/a,n/a,n/a,n/a,n/a
AFTER_COMPUTE_DPAT,4,411,Ibias_err,-1.3500000238e+00,1.3500000238e+00,50,-5.8130525172e-01,5.5639816630e-02,4.6051839533e+00,4.6051839533e+00,1.1570283013e+01,-6.1675518751e-01,-5.6610241532e-01,-5.5075448751e-01,1.6221245453e+00,-1.0380487001e+00,Gaussian (Left tailed),0,-1.3500000238e+00,-1.1377034180e+00,-9.7078396812e-01,-2.4746635194e-01,-8.0546902051e-02,8.6372547837e-02,-1.3500000238e+00,-1.1377034180e+00,-9.7078396812e-01,-2.4746635194e-01,-8.0546902051e-02,8.6372547837e-02
BEFORE_COMPUTE_DPAT,4,312,PIN26 POK,-8.9999997616e-01,-3.0000001192e-01,50,-6.1870744228e-01,1.0377291027e-03,9.0355158890e+01,9.0355158890e+01,1.0237335529e+02,-6.1958372593e-01,-6.1884662509e-01,-6.1780965328e-01,-6.7103089370e-01,1.5873615538e-01,Multi-Modal,0,n/a,n/a,n/a,n/a,n/a,n/a,n/a,n/a,n/a,n/a,n/a,n/a
AFTER_FILTER_SAMPLES,4,312,PIN26 POK,-8.9999997616e-01,-3.0000001192e-01,50,-6.1870744228e-01,1.0377291027e-03,9.0355158890e+01,9.0355158890e+01,1.0237335529e+02,-6.1958372593e-01,-6.1884662509e-01,-6.1780965328e-01,-6.7103089370e-01,1.5873615538e-01,Multi-Modal,0,n/a,n/a,n/a,n/a,n/a,n/a,n/a,n/a,n/a,n/a,n/a,n/a
AFTER_COMPUTE_DPAT,4,312,PIN26 POK,-8.9999997616e-01,-3.0000001192e-01,50,-6.1870744228e-01,1.0377291027e-03,9.0355158890e+01,9.0355158890e+01,1.0237335529e+02,-6.1958372593e-01,-6.1884662509e-01,-6.1780965328e-01,-6.7103089370e-01,1.5873615538e-01,Multi-Modal,0,-8.9999997616e-01,-8.9999997616e-01,-8.9999997616e-01,-3.0000001192e-01,-3.0000001192e-01,-3.0000001192e-01,-8.9999997616e-01,-8.9999997616e-01,-8.9999997616e-01,-3.0000001192e-01,-3.0000001192e-01,-3.0000001192e-01
BEFORE_COMPUTE_DPAT,4,301,PIN1 IN1,-8.9999997616e-01,-3.0000001192e-01,50,-4.5846799314e-01,3.4809271496e-03,1.5174882477e+01,4.2281070917e+01,1.5174882477e+01,-4.6130886674e-01,-4.5924755931e-01,-4.5556214452e-01,-1.2063224166e+00,2.0834098833e-01,Multi-Modal,0,n/a,n/a,n/a,n/a,n/a,n/a,n/a,n/a,n/a,n/a,n/a,n/a
AFTER_FILTER_SAMPLES,4,301,PIN1 IN1,-8.9999997616e-01,-3.0000001192e-01,50,-4.5846799314e-01,3.4809271496e-03,1.5174882477e+01,4.2281070917e+01,1.5174882477e+01,-4.6130886674e-01,-4.5924755931e-01,-4.5556214452e-01,-1.2063224166e+00,2.0834098833e-01,Multi-Modal,0,n/a,n/a,n/a,n/a,n/a,n/a,n/a,n/a,n/a,n/a,n/a,n/a
AFTER_COMPUTE_DPAT,4,301,PIN1 IN1,-8.9999997616e-01,-3.0000001192e-01,50,-4.5846799314e-01,3.4809271496e-03,1.5174882477e+01,4.2281070917e+01,1.5174882477e+01,-4.6130886674e-01,-4.5924755931e-01,-4.5556214452e-01,-1.2063224166e+00,2.0834098833e-01,Multi-Modal,0,-5.0023911894e-01,-4.8979633749e-01,-4.7935355604e-01,-4.3758243024e-01,-4.2713964879e-01,-4.1669686734e-01,-5.0023911894e-01,-4.8979633749e-01,-4.7935355604e-01,-4.3758243024e-01,-4.2713964879e-01,-4.1669686734e-01
BEFORE_COMPUTE_DPAT,4,621,V_DO_TM,2.7249999344e-02,1.5774999559e-01,50,5.8423766568e-02,1.0801546525e-03,9.6201555183e+00,9.6201555183e+00,3.0651854278e+01,5.7778988034e-02,5.8456890285e-02,5.9199739248e-02,-5.3074835168e-01,-5.5629435979e-02,Gaussian,0,n/a,n/a,n/a,n/a,n/a,n/a,n/a,n/a,n/a,n/a,n/a,n/a
AFTER_FILTER_SAMPLES,4,621,V_DO_TM,2.7249999344e-02,1.5774999559e-01,50,5.8423766568e-02,1.0801546525e-03,9.6201555183e+00,9.6201555183e+00,3.0651854278e+01,5.7778988034e-02,5.8456890285e-02,5.9199739248e-02,-5.3074835168e-01,-5.5629435979e-02,Gaussian,0,n/a,n/a,n/a,n/a,n/a,n/a,n/a,n/a,n/a,n/a,n/a,n/a
AFTER_COMPUTE_DPAT,4,621,V_DO_TM,2.7249999344e-02,1.5774999559e-01,50,5.8423766568e-02,1.0801546525e-03,9.6201555183e+00,9.6201555183e+00,3.0651854278e+01,5.7778988034e-02,5.8456890285e-02,5.9199739248e-02,-5.3074835168e-01,-5.5629435979e-02,Gaussian,0,4.5461910738e-02,4.8702374695e-02,5.1942838653e-02,6.4904694484e-02,6.8145158441e-02,7.1385622399e-02,4.5461910738e-02,4.8702374695e-02,5.1942838653e-02,6.4904694484e-02,6.8145158441e-02,7.1385622399e-02
BEFORE_COMPUTE_DPAT,4,610,TM_CHECK,8.9999997499e-07,1.0999999631e-06,50,1.0209026209e-06,1.1059935750e-08,2.3838999915e+00,3.6438622138e+00,2.3838999915e+00,1.0154971051e-06,1.0217281101e-06,1.0275218756e-06,-1.6789182840e-01,-3.3119338514e-01,Gaussian,0,n/a,n/a,n/a,n/a,n/a,n/a,n/a,n/a,n/a,n/a,n/a,n/a
AFTER_FILTER_SAMPLES,4,610,TM_CHECK,8.9999997499e-07,1.0999999631e-06,50,1.0209026209e-06,1.1059935750e-08,2.3838999915e+00,3.6438622138e+00,2.3838999915e+00,1.0154971051e-06,1.0217281101e-06,1.0275218756e-06,-1.6789182840e-01,-3.3119338514e-01,Gaussian,0,n/a,n/a,n/a,n/a,n/a,n/a,n/a,n/a,n/a,n/a,n/a,n/a
AFTER_COMPUTE_DPAT,4,610,TM_CHECK,8.9999997499e-07,1.0999999631e-06,50,1.0209026209e-06,1.1059935750e-08,2.3838999915e+00,3.6438622138e+00,2.3838999915e+00,1.0154971051e-06,1.0217281101e-06,1.0275218756e-06,-1.6789182840e-01,-3.3119338514e-01,Gaussian,0,8.9999997499e-07,9.2136319914e-07,9.5454300639e-07,1.0872622354e-06,1.0999999631e-06,1.0999999631e-06,8.9999997499e-07,9.2136319914e-07,9.5454300639e-07,1.0872622354e-06,1.0999999631e-06,1.0999999631e-06
BEFORE_COMPUTE_DPAT,4,511,Ipok/r,-8.9999997499e-07,8.9999997499e-07,50,2.4010845309e-12,7.4824890303e-13,4.0093502321e+05,4.0093716250e+05,4.0093502321e+05,1.7510345387e-12,2.4111433336e-12,2.8826496312e-12,-2.6230287887e-01,7.8338154773e-02,Gaussian,0,n/a,n/a,n/a,n/a,n/a,n/a,n/a,n/a,n/a,n/a,n/a,n/a
AFTER_FILTER_SAMPLES,4,511,Ipok/r,-8.9999997499e-07,8.9999997499e-07,50,2.4010845309e-12,7.4824890303e-13,4.0093502321e+05,4.0093716250e+05,4.0093502321e+05,1.7510345387e-12,2.4111433336e-12,2.8826496312e-12,-2.6230287887e-01,7.8338154773e-02,Gaussian,0,n/a,n/a,n/a,n/a,n/a,n/a,n/a,n/a,n/a,n/a,n/a,n/a
AFTER_COMPUTE_DPAT,4,511,Ipok/r,-8.9999997499e-07,8.9999997499e-07,50,2.4010845309e-12,7.4824890303e-13,4.0093502321e+05,4.0093716250e+05,4.0093502321e+05,1.7510345387e-12,2.4111433336e-12,2.8826496312e-12,-2.6230287887e-01,7.8338154773e-02,Gaussian,0,-8.9999997499e-07,-8.9999997499e-07,-8.9999997499e-07,8.9999997499e-07,8.9999997499e-07,8.9999997499e-07,-8.9999997499e-07,-8.9999997499e-07,-8.9999997499e-07,8.9999997499e-07,8.9999997499e-07,8.9999997499e-07
BEFORE_COMPUTE_DPAT,4,412,IbiasPost,8.6500000407e-07,1.1399999948e-06,50,1.0014020791e-06,1.2180233128e-08,3.7328807957e+00,3.7328807957e+00,3.7929738110e+00,9.9349426819e-07,1.0050082437e-06,1.0095749303e-06,9.0417496750e-02,-8.2784273816e-01,Gaussian (Right tailed),0,n/a,n/a,n/a,n/a,n/a,n/a,n/a,n/a,n/a,n/a,n/a,n/a
AFTER_FILTER_SAMPLES,4,412,IbiasPost,8.6500000407e-07,1.1399999948e-06,50,1.0014020791e-06,1.2180233128e-08,3.7328807957e+00,3.7328807957e+00,3.7929738110e+00,9.9349426819e-07,1.0050082437e-06,1.0095749303e-06,9.0417496750e-02,-8.2784273816e-01,Gaussian (Right tailed),0,n/a,n/a,n/a,n/a,n/a,n/a,n/a,n/a,n/a,n/a,n/a,n/a
AFTER_COMPUTE_DPAT,4,412,IbiasPost,8.6500000407e-07,1.1399999948e-06,50,1.0014020791e-06,1.2180233128e-08,3.7328807957e+00,3.7328807957e+00,3.7929738110e+00,9.9349426819e-07,1.0050082437e-06,1.0095749303e-06,9.0417496750e-02,-8.2784273816e-01,Gaussian (Right tailed),0,8.6500000407e-07,8.9177998091e-07,9.2832068029e-07,1.0866637109e-06,1.1232044103e-06,1.1399999948e-06,8.6500000407e-07,8.9177998091e-07,9.2832068029e-07,1.0866637109e-06,1.1232044103e-06,1.1399999948e-06
BEFORE_COMPUTE_DPAT,4,401,Vfb_pre,4.6999999881e-01,5.2999997139e-01,50,4.9596271932e-01,1.1171295127e-03,7.7468548389e+00,7.7468548389e+00,1.0156164134e+01,4.9504670501e-01,4.9607110023e-01,4.9678629637e-01,-2.5928748404e-01,-8.7774312216e-02,Gaussian,0,n/a,n/a,n/a,n/a,n/a,n/a,n/a,n/a,n/a,n/a,n/a,n/a
AFTER_FILTER_SAMPLES,4,401,Vfb_pre,4.6999999881e-01,5.2999997139e-01,50,4.9596271932e-01,1.1171295127e-03,7.7468548389e+00,7.7468548389e+00,1.0156164134e+01,4.9504670501e-01,4.9607110023e-01,4.9678629637e-01,-2.5928748404e-01,-8.7774312216e-02,Gaussian,0,n/a,n/a,n/a,n/a,n/a,n/a,n/a,n/a,n/a,n/a,n/a,n/a
AFTER_COMPUTE_DPAT,4,401,Vfb_pre,4.6999999881e-01,5.2999997139e-01,50,4.9596271932e-01,1.1171295127e-03,7.7468548389e+00,7.7468548389e+00,1.0156164134e+01,4.9504670501e-01,4.9607110023e-01,4.9678629637e-01,-2.5928748404e-01,-8.7774312216e-02,Gaussian,0,4.8255716517e-01,4.8590855371e-01,4.8925994225e-01,5.0266549640e-01,5.0601688494e-01,5.0936827347e-01,4.8255716517e-01,4.8590855371e-01,4.8925994225e-01,5.0266549640e-01,5.0601688494e-01,5.0936827347e-01
BEFORE_COMPUTE_DPAT,4,313,PIN30 EN,-8.9999997616e-01,-3.0000001192e-01,50,-4.9275719106e-01,2.8670133003e-03,2.2410915583e+01,4.7348086951e+01,2.2410915583e+01,-4.9451348186e-01,-4.9332679808e-01,-4.9114081264e-01,6.3439405884e-01,5.3779594666e-01,Gaussian (Left tailed),0,n/a,n/a,n/a,n/a,n/a,n/a,n/a,n/a,n/a,n/a,n/a,n/a
AFTER_FILTER_SAMPLES,4,313,PIN30 EN,-8.9999997616e-01,-3.0000001192e-01,50,-4.9275719106e-01,2.8670133003e-03,2.2410915583e+01,4.7348086951e+01,2.2410915583e+01,-4.9451348186e-01,-4.9332679808e-01,-4.9114081264e-01,6.3439405884e-01,5.3779594666e-01,Gaussian (Left tailed),0,n/a,n/a,n/a,n/a,n/a,n/a,n/a,n/a,n/a,n/a,n/a,n/a
AFTER_COMPUTE_DPAT,4,313,PIN30 EN,-8.9999997616e-01,-3.0000001192e-01,50,-4.9275719106e-01,2.8670133003e-03,2.2410915583e+01,4.7348086951e+01,2.2410915583e+01,-4.9451348186e-01,-4.9332679808e-01,-4.9114081264e-01,6.3439405884e-01,5.3779594666e-01,Gaussian (Left tailed),0,-8.9999997616e-01,-8.9999997616e-01,-8.9999997616e-01,-3.0000001192e-01,-3.0000001192e-01,-3.0000001192e-01,-8.9999997616e-01,-8.9999997616e-01,-8.9999997616e-01,-3.0000001192e-01,-3.0000001192e-01,-3.0000001192e-01
BEFORE_COMPUTE_DPAT,4,302,PIN8 OUT2,-8.9999997616e-01,-3.0000001192e-01,50,-4.6266245127e-01,2.5382745627e-03,2.1361287668e+01,5.7432390138e+01,2.1361287668e+01,-4.6401664615e-01,-4.6251752973e-01,-4.6126827598e-01,1.2383746411e+00,-6.8507551413e-01,Gaussian,0,n/a,n/a,n/a,n/a,n/a,n/a,n/a,n/a,n/a,n/a,n/a,n/a
AFTER_FILTER_SAMPLES,4,302,PIN8 OUT2,-8.9999997616e-01,-3.0000001192e-01,50,-4.6266245127e-01,2.5382745627e-03,2.1361287668e+01,5.7432390138e+01,2.1361287668e+01,-4.6401664615e-01,-4.6251752973e-01,-4.6126827598e-01,1.2383746411e+00,-6.8507551413e-01,Gaussian,0,n/a,n/a,n/a,n/a,n/a,n/a,n/a,n/a,n/a,n/a,n/a,n/a
AFTER_COMPUTE_DPAT,4,302,PIN8 OUT2,-8.9999997616e-01,-3.0000001192e-01,50,-4.6266245127e-01,2.5382745627e-03,2.1361287668e+01,5.7432390138e+01,2.1361287668e+01,-4.6401664615e-01,-4.6251752973e-01,-4.6126827598e-01,1.2383746411e+00,-6.8507551413e-01,Gaussian,0,-8.9999997616e-01,-8.9999997616e-01,-8.9999997616e-01,-3.0000001192e-01,-3.0000001192e-01,-3.0000001192e-01,-8.9999997616e-01,-8.9999997616e-01,-8.9999997616e-01,-3.0000001192e-01,-3.0000001192e-01,-3.0000001192e-01
BEFORE_COMPUTE_DPAT,4,622,I_DO_TM,4.0999999642e-01,5.8999997377e-01,50,5.0066425085e-01,3.1964080630e-05,9.3162617916e+02,9.4548060030e+02,9.3162617916e+02,5.0064176321e-01,5.0067007542e-01,5.0068408251e-01,1.1753749112e-01,-2.6130125842e-01,Gaussian,0,n/a,n/a,n/a,n/a,n/a,n/a,n/a,n/a,n/a,n/a,n/a,n/a
AFTER_FILTER_SAMPLES,4,622,I_DO_TM,4.0999999642e-01,5.8999997377e-01,50,5.0066425085e-01,3.1964080630e-05,9.3162617916e+02,9.4548060030e+02,9.3162617916e+02,5.0064176321e-01,5.0067007542e-01,5.0068408251e-01,1.1753749112e-01,-2.6130125842e-01,Gaussian,0,n/a,n/a,n/a,n/a,n/a,n/a,n/a,n/a,n/a,n/a,n/a,n/a
AFTER_COMPUTE_DPAT,4,622,I_DO_TM,4.0999999642e-01,5.8999997377e-01,50,5.0066425085e-01,3.1964080630e-05,9.3162617916e+02,9.4548060030e+02,9.3162617916e+02,5.0064176321e-01,5.0067007542e-01,5.0068408251e-01,1.1753749112e-01,-2.6130125842e-01,Gaussian,0,4.0999999642e-01,4.0999999642e-01,4.0999999642e-01,5.8999997377e-01,5.8999997377e-01,5.8999997377e-01,4.0999999642e-01,4.0999999642e-01,4.0999999642e-01,5.8999997377e-01,5.8999997377e-01,5.8999997377e-01
BEFORE_COMPUTE_DPAT,4,611,VO36_4A,3.3320000172e+00,3.4679999352e+00,50,3.4015568924e+00,2.1385038384e-03,1.0356624347e+01,1.0841984316e+01,1.0356624347e+01,3.3995387554e+00,3.4020611048e+00,3.4032464027e+00,-9.0613839481e-01,-3.1175019787e-01,Clamped (Left),0,n/a,n/a,n/a,n/a,n/a,n/a,n/a,n/a,n/a,n/a,n/a,n/a
AFTER_FILTER_SAMPLES,4,611,VO36_4A,3.3320000172e+00,3.4679999352e+00,50,3.4015568924e+00,2.1385038384e-03,1.0356624347e+01,1.0841984316e+01,1.0356624347e+01,3.3995387554e+00,3.4020611048e+00,3.4032464027e+00,-9.0613839481e-01,-3.1175019787e-01,Clamped (Left),0,n/a,n/a,n/a,n/a,n/a,n/a,n/a,n/a,n/a,n/a,n/a,n/a
AFTER_COMPUTE_DPAT,4,611,VO36_4A,3.3320000172e+00,3.4679999352e+00,50,3.4015568924e+00,2.1385038384e-03,1.0356624347e+01,1.0841984316e+01,1.0356624347e+01,3.3995387554e+00,3.4020611048e+00,3.4032464027e+00,-9.0613839481e-01,-3.1175019787e-01,Clamped (Left),0,3.3758948463e+00,3.3823103578e+00,3.3887258694e+00,3.4079724039e+00,3.4101109077e+00,3.4143879154e+00,3.3758948463e+00,3.3823103578e+00,3.3887258694e+00,3.4079724039e+00,3.4101109077e+00,3.4143879154e+00
BEFORE_COMPUTE_DPAT,4,402,Vout_pre,1.4099999666e+00,1.5900000334e+00,50,1.4868303299e+00,3.3224804638e-03,7.7081329356e+00,7.7081329356e+00,1.0350670692e+01,1.4840590954e+00,1.4871860743e+00,1.4892325401e+00,-2.3408800995e-01,-1.2304597903e-01,Gaussian,0,n/a,n/a,n/a,n/a,n/a,n/a,n/a,n/a,n/a,n/a,n/a,n/a
AFTER_FILTER_SAMPLES,4,402,Vout_pre,1.4099999666e+00,1.5900000334e+00,50,1.4868303299e+00,3.3224804638e-03,7.7081329356e+00,7.7081329356e+00,1.0350670692e+01,1.4840590954e+00,1.4871860743e+00,1.4892325401e+00,-2.3408800995e-01,-1.2304597903e-01,Gaussian,0,n/a,n/a,n/a,n/a,n/a,n/a,n/a,n/a,n/a,n/a,n/a,n/a
AFTER_COMPUTE_DPAT,4,402,Vout_pre,1.4099999666e+00,1.5900000334e+00,50,1.4868303299e+00,3.3224804638e-03,7.7081329356e+00,7.7081329356e+00,1.0350670692e+01,1.4840590954e+00,1.4871860743e+00,1.4892325401e+00,-2.3408800995e-01,-1.2304597903e-01,Gaussian,0,1.4469605643e+00,1.4569280057e+00,1.4668954471e+00,1.5067652127e+00,1.5167326541e+00,1.5267000955e+00,1.4469605643e+00,1.4569280057e+00,1.4668954471e+00,1.5067652127e+00,1.5167326541e+00,1.5267000955e+00
BEFORE_COMPUTE_DPAT,4,314,PIN27 FB,-8.9999997616e-01,-3.0000001192e-01,50,-4.9241221189e-01,3.0900855222e-03,2.0755865665e+01,4.3967258224e+01,2.0755865665e+01,-4.9434855580e-01,-4.9272453785e-01,-4.9022603035e-01,-1.0720862188e-01,2.3124493156e-01,Multi-Modal,0,n/a,n/a,n/a,n/a,n/a,n/a,n/a,n/a,n/a,n/a,n/a,n/a
AFTER_FILTER_SAMPLES,4,314,PIN27 FB,-8.9999997616e-01,-3.0000001192e-01,50,-4.9241221189e-01,3.0900855222e-03,2.0755865665e+01,4.3967258224e+01,2.0755865665e+01,-4.9434855580e-01,-4.9272453785e-01,-4.9022603035e-01,-1.0720862188e-01,2.3124493156e-01,Multi-Modal,0,n/a,n/a,n/a,n/a,n/a,n/a,n/a,n/a,n/a,n/a,n/a,n/a
AFTER_COMPUTE_DPAT,4,314,PIN27 FB,-8.9999997616e-01,-3.0000001192e-01,50,-4.9241221189e-01,3.0900855222e-03,2.0755865665e+01,4.3967258224e+01,2.0755865665e+01,-4.9434855580e-01,-4.9272453785e-01,-4.9022603035e-01,-1.0720862188e-01,2.3124493156e-01,Multi-Modal,0,-8.9999997616e-01,-8.9999997616e-01,-8.9999997616e-01,-3.0000001192e-01,-3.0000001192e-01,-3.0000001192e-01,-8.9999997616e-01,-8.9999997616e-01,-8.9999997616e-01,-3.0000001192e-01,-3.0000001192e-01,-3.0000001192e-01
BEFORE_COMPUTE_DPAT,4,303,PIN9 OUT3,-8.9999997616e-01,-3.0000001192e-01,50,-4.8541855872e-01,2.7569904667e-03,2.2417989112e+01,5.0124876194e+01,2.2417989112e+01,-4.8752731085e-01,-4.8534110188e-01,-4.8365461826e-01,-2.9070417904e-01,4.6813049239e-02,Multi-Modal,0,n/a,n/a,n/a,n/a,n/a,n/a,n/a,n/a,n/a,n/a,n/a,n/a
AFTER_FILTER_SAMPLES,4,303,PIN9 OUT3,-8.9999997616e-01,-3.0000001192e-01,50,-4.8541855872e-01,2.7569904667e-03,2.2417989112e+01,5.0124876194e+01,2.2417989112e+01,-4.8752731085e-01,-4.8534110188e-01,-4.8365461826e-01,-2.9070417904e-01,4.6813049239e-02,Multi-Modal,0,n/a,n/a,n/a,n/a,n/a,n/a,n/a,n/a,n/a,n/a,n/a,n/a
AFTER_COMPUTE_DPAT,4,303,PIN9 OUT3,-8.9999997616e-01,-3.0000001192e-01,50,-4.8541855872e-01,2.7569904667e-03,2.2417989112e+01,5.0124876194e+01,2.2417989112e+01,-4.8752731085e-01,-4.8534110188e-01,-4.8365461826e-01,-2.9070417904e-01,4.6813049239e-02,Multi-Modal,0,-8.9999997616e-01,-8.9999997616e-01,-8.9999997616e-01,-3.0000001192e-01,-3.0000001192e-01,-3.0000001192e-01,-8.9999997616e-01,-8.9999997616e-01,-8.9999997616e-01,-3.0000001192e-01,-3.0000001192e-01,-3.0000001192e-01
BEFORE_COMPUTE_DPAT,4,623,V_DO_RM,2.0500000101e-03,3.8949999958e-02,50,1.7122786306e-02,2.3592665563e-04,2.1295864536e+01,2.1295864536e+01,3.0838981992e+01,1.6983147711e-02,1.7141458578e-02,1.7251059413e-02,-3.3189390249e-02,-3.7338602400e-01,Gaussian,0,n/a,n/a,n/a,n/a,n/a,n/a,n/a,n/a,n/a,n/a,n/a,n/a
AFTER_FILTER_SAMPLES,4,623,V_DO_RM,2.0500000101e-03,3.8949999958e-02,50,1.7122786306e-02,2.3592665563e-04,2.1295864536e+01,2.1295864536e+01,3.0838981992e+01,1.6983147711e-02,1.7141458578e-02,1.7251059413e-02,-3.3189390249e-02,-3.7338602400e-01,Gaussian,0,n/a,n/a,n/a,n/a,n/a,n/a,n/a,n/a,n/a,n/a,n/a,n/a
AFTER_COMPUTE_DPAT,4,623,V_DO_RM,2.0500000101e-03,3.8949999958e-02,50,1.7122786306e-02,2.3592665563e-04,2.1295864536e+01,2.1295864536e+01,3.0838981992e+01,1.6983147711e-02,1.7141458578e-02,1.7251059413e-02,-3.3189390249e-02,-3.7338602400e-01,Gaussian,0,2.0500000101e-03,2.0500000101e-03,2.0500000101e-03,3.8949999958e-02,3.8949999958e-02,3.8949999958e-02,2.0500000101e-03,2.0500000101e-03,2.0500000101e-03,3.8949999958e-02,3.8949999958e-02,3.8949999958e-02
BEFORE_COMPUTE_DPAT,4,601,VO14_2mA,1.2139999866e+00,1.2500000000e+00,50,1.2261207771e+00,7.6974445972e-04,5.2488373808e+00,5.2488373808e+00,1.0340757710e+01,1.2254505157e+00,1.2261398435e+00,1.2267665863e+00,-1.0270663707e+00,-1.0922909138e-01,Multi-Modal,0,n/a,n/a,n/a,n/a,n/a,n/a,n/a,n/a,n/a,n/a,n/a,n/a
AFTER_FILTER_SAMPLES,4,601,VO14_2mA,1.2139999866e+00,1.2500000000e+00,50,1.2261207771e+00,7.6974445972e-04,5.2488373808e+00,5.2488373808e+00,1.0340757710e+01,1.2254505157e+00,1.2261398435e+00,1.2267665863e+00,-1.0270663707e+00,-1.0922909138e-01,Multi-Modal,0,n/a,n/a,n/a,n/a,n/a,n/a,n/a,n/a,n/a,n/a,n/a,n/a
AFTER_COMPUTE_DPAT,4,601,VO14_2mA,1.2139999866e+00,1.2500000000e+00,50,1.2261207771e+00,7.6974445972e-04,5.2488373808e+00,5.2488373808e+00,1.0340757710e+01,1.2254505157e+00,1.2261398435e+00,1.2267665863e+00,-1.0270663707e+00,-1.0922909138e-01,Multi-Modal,0,1.2168838436e+00,1.2191930770e+00,1.2215023104e+00,1.2307392439e+00,1.2330484773e+00,1.2353577106e+00,1.2168838436e+00,1.2191930770e+00,1.2215023104e+00,1.2307392439e+00,1.2330484773e+00,1.2353577106e+00
BEFORE_COMPUTE_DPAT,4,502,Ishdn,-1.8250000721e-04,1.3250000484e-04,50,3.2613411713e-06,3.2639934998e-06,1.3198419224e+01,1.8970763718e+01,1.3198419224e+01,2.5255744731e-06,2.7901269277e-06,3.0546791550e-06,4.7598444950e+01,6.8217484345e+00,Clamped (Left),0,n/a,n/a,n/a,n/a,n/a,n/a,n/a,n/a,n/a,n/a,n/a,n/a
AFTER_FILTER_SAMPLES,4,502,Ishdn,-1.8250000721e-04,1.3250000484e-04,50,3.2613411713e-06,3.2639934998e-06,1.3198419224e+01,1.8970763718e+01,1.3198419224e+01,2.5255744731e-06,2.7901269277e-06,3.0546791550e-06,4.7598444950e+01,6.8217484345e+00,Clamped (Left),0,n/a,n/a,n/a,n/a,n/a,n/a,n/a,n/a,n/a,n/a,n/a,n/a
AFTER_COMPUTE_DPAT,4,502,Ishdn,-1.8250000721e-04,1.3250000484e-04,49,2.8050535548e-06,4.9881049537e-07,8.6669488372e+01,1.2383130300e+02,8.6669488372e+01,2.5255744731e-06,2.7745650186e-06,3.0235553368e-06,1.7515581633e+00,5.5520164963e-01,Gaussian (Right tailed),1,-3.5906580826e-05,-2.6114600327e-05,-1.6322619828e-05,1.3053321671e-05,1.6317315171e-05,2.2845302170e-05,-3.5906580826e-05,-2.6114600327e-05,-1.6322619828e-05,1.3053321671e-05,1.6317315171e-05,2.2845302170e-05
BEFORE_COMPUTE_DPAT,4,414,IbiasErr2,n/a,n/a,50,2.8896735091e-03,9.8809133195e-03,-9.9000000000e+99,-9.9000000000e+99,-9.9000000000e+99,-7.5046950951e-04,4.9832118675e-03,9.4841597602e-03,-3.2214021587e-02,-6.2174999988e-01,Multi-Modal,0,n/a,n/a,n/a,n/a,n/a,n/a,n/a,n/a,n/a,n/a,n/a,n/a
AFTER_FILTER_SAMPLES,4,414,IbiasErr2,n/a,n/a,50,2.8896735091e-03,9.8809133195e-03,-9.9000000000e+99,-9.9000000000e+99,-9.9000000000e+99,-7.5046950951e-04,4.9832118675e-03,9.4841597602e-03,-3.2214021587e-02,-6.2174999988e-01,Multi-Modal,0,n/a,n/a,n/a,n/a,n/a,n/a,n/a,n/a,n/a,n/a,n/a,n/a
AFTER_COMPUTE_DPAT,4,414,IbiasErr2,n/a,n/a,50,2.8896735091e-03,9.8809133195e-03,-9.9000000000e+99,-9.9000000000e+99,-9.9000000000e+99,-7.5046950951e-04,4.9832118675e-03,9.4841597602e-03,-3.2214021587e-02,-6.2174999988e-01,Multi-Modal,0,-1.1568128633e-01,-8.6038546367e-02,-5.6395806408e-02,6.2175153426e-02,9.1817893385e-02,1.2146063334e-01,-1.1568128633e-01,-8.6038546367e-02,-5.6395806408e-02,6.2175153426e-02,9.1817893385e-02,1.2146063334e-01
BEFORE_COMPUTE_DPAT,4,403,Vfb_err,-6.1999998987e-02,6.1999998987e-02,50,-8.1453032605e-03,2.2712537702e-03,7.9038130735e+00,7.9038130735e+00,1.0294652109e+01,-1.0005705059e-02,-7.9200514592e-03,-6.4690057188e-03,-2.5312487249e-01,-9.9107422078e-02,Gaussian,0,n/a,n/a,n/a,n/a,n/a,n/a,n/a,n/a,n/a,n/a,n/a,n/a
AFTER_FILTER_SAMPLES,4,403,Vfb_err,-6.1999998987e-02,6.1999998987e-02,50,-8.1453032605e-03,2.2712537702e-03,7.9038130735e+00,7.9038130735e+00,1.0294652109e+01,-1.0005705059e-02,-7.9200514592e-03,-6.4690057188e-03,-2.5312487249e-01,-9.9107422078e-02,Gaussian,0,n/a,n/a,n/a,n/a,n/a,n/a,n/a,n/a,n/a,n/a,n/a,n/a
AFTER_COMPUTE_DPAT,4,403,Vfb_err,-6.1999998987e-02,6.1999998987e-02,50,-8.1453032605e-03,2.2712537702e-03,7.9038130735e+00,7.9038130735e+00,1.0294652109e+01,-1.0005705059e-02,-7.9200514592e-03,-6.4690057188e-03,-2.5312487249e-01,-9.9107422078e-02,Gaussian,0,-3.5400348503e-02,-2.8586587192e-02,-2.1772825882e-02,5.4822193607e-03,1.2295980671e-02,1.9109741982e-02,-3.5400348503e-02,-2.8586587192e-02,-2.1772825882e-02,5.4822193607e-03,1.2295980671e-02,1.9109741982e-02
BEFORE_COMPUTE_DPAT,4,315,PIN29 OTP,-8.9999997616e-01,-3.0000001192e-01,50,-4.9187906504e-01,2.9681317245e-03,2.1548802516e+01,4.5833647674e+01,2.1548802516e+01,-4.9368038774e-01,-4.9279345572e-01,-4.8979544640e-01,6.0032686363e-01,4.1580478020e-01,Gaussian (Left tailed),0,n/a,n/a,n/a,n/a,n/a,n/a,n/a,n/a,n/a,n/a,n/a,n/a
AFTER_FILTER_SAMPLES,4,315,PIN29 OTP,-8.9999997616e-01,-3.0000001192e-01,50,-4.9187906504e-01,2.9681317245e-03,2.1548802516e+01,4.5833647674e+01,2.1548802516e+01,-4.9368038774e-01,-4.9279345572e-01,-4.8979544640e-01,6.0032686363e-01,4.1580478020e-01,Gaussian (Left tailed),0,n/a,n/a,n/a,n/a,n/a,n/a,n/a,n/a,n/a,n/a,n/a,n/a
AFTER_COMPUTE_DPAT,4,315,PIN29 OTP,-8.9999997616e-01,-3.0000001192e-01,50,-4.9187906504e-01,2.9681317245e-03,2.1548802516e+01,4.5833647674e+01,2.1548802516e+01,-4.9368038774e-01,-4.9279345572e-01,-4.8979544640e-01,6.0032686363e-01,4.1580478020e-01,Gaussian (Left tailed),0,-8.9999997616e-01,-8.9999997616e-01,-8.9999997616e-01,-3.0000001192e-01,-3.0000001192e-01,-3.0000001192e-01,-8.9999997616e-01,-8.9999997616e-01,-8.9999997616e-01,-3.0000001192e-01,-3.0000001192e-01,-3.0000001192e-01
BEFORE_COMPUTE_DPAT,4,304,PIN10 OUT4,-8.9999997616e-01,-3.0000001192e-01,50,-4.8811488390e-01,3.0724604206e-03,2.0408711177e+01,4.4685695488e+01,2.0408711177e+01,-4.9025863409e-01,-4.8800994456e-01,-4.8576125503e-01,-1.8141940568e-01,1.4788545869e-01,Multi-Modal,0,n/a,n/a,n/a,n/a,n/a,n/a,n/a,n/a,n/a,n/a,n/a,n/a
AFTER_FILTER_SAMPLES,4,304,PIN10 OUT4,-8.9999997616e-01,-3.0000001192e-01,50,-4.8811488390e-01,3.0724604206e-03,2.0408711177e+01,4.4685695488e+01,2.0408711177e+01,-4.9025863409e-01,-4.8800994456e-01,-4.8576125503e-01,-1.8141940568e-01,1.4788545869e-01,Multi-Modal,0,n/a,n/a,n/a,n/a,n/a,n/a,n/a,n/a,n/a,n/a,n/a,n/a
AFTER_COMPUTE_DPAT,4,304,PIN10 OUT4,-8.9999997616e-01,-3.0000001192e-01,50,-4.8811488390e-01,3.0724604206e-03,2.0408711177e+01,4.4685695488e+01,2.0408711177e+01,-4.9025863409e-01,-4.8800994456e-01,-4.8576125503e-01,-1.8141940568e-01,1.4788545869e-01,Multi-Modal,0,-8.9999997616e-01,-8.9999997616e-01,-8.9999997616e-01,-3.0000001192e-01,-3.0000001192e-01,-3.0000001192e-01,-8.9999997616e-01,-8.9999997616e-01,-8.9999997616e-01,-3.0000001192e-01,-3.0000001192e-01,-3.0000001192e-01
BEFORE_COMPUTE_DPAT,4,624,I_DO_RM,9.1000002623e-01,1.0900000334e+00,50,1.0006712413e+00,2.9619947331e-05,1.0052774132e+03,1.0203846082e+03,1.0052774132e+03,1.0006467104e+00,1.0006725192e+00,1.0006853342e+00,2.5809882698e-01,3.6209590192e-01,Gaussian,0,n/a,n/a,n/a,n/a,n/a,n/a,n/a,n/a,n/a,n/a,n/a,n/a
AFTER_FILTER_SAMPLES,4,624,I_DO_RM,9.1000002623e-01,1.0900000334e+00,50,1.0006712413e+00,2.9619947331e-05,1.0052774132e+03,1.0203846082e+03,1.0052774132e+03,1.0006467104e+00,1.0006725192e+00,1.0006853342e+00,2.5809882698e-01,3.6209590192e-01,Gaussian,0,n/a,n/a,n/a,n/a,n/a,n/a,n/a,n/a,n/a,n/a,n/a,n/a
AFTER_COMPUTE_DPAT,4,624,I_DO_RM,9.1000002623e-01,1.0900000334e+00,50,1.0006712413e+00,2.9619947331e-05,1.0052774132e+03,1.0203846082e+03,1.0052774132e+03,1.0006467104e+00,1.0006725192e+00,1.0006853342e+00,2.5809882698e-01,3.6209590192e-01,Gaussian,0,9.1000002623e-01,9.1000002623e-01,9.1000002623e-01,1.0900000334e+00,1.0900000334e+00,1.0900000334e+00,9.1000002623e-01,9.1000002623e-01,9.1000002623e-01,1.0900000334e+00,1.0900000334e+00,1.0900000334e+00
BEFORE_COMPUTE_DPAT,4,613,VFB36_4A,4.9549999833e-01,5.0449997187e-01,50,5.0020330966e-01,3.0946090910e-04,4.6281151998e+00,5.0661340263e+00,4.6281151998e+00,4.9992999434e-01,5.0021749735e-01,5.0047010183e-01,-9.8580538344e-01,-2.6941690774e-01,Multi-Modal,0,n/a,n/a,n/a,n/a,n/a,n/a,n/a,n/a,n/a,n/a,n/a,n/a
AFTER_FILTER_SAMPLES,4,613,VFB36_4A,4.9549999833e-01,5.0449997187e-01,50,5.0020330966e-01,3.0946090910e-04,4.6281151998e+00,5.0661340263e+00,4.6281151998e+00,4.9992999434e-01,5.0021749735e-01,5.0047010183e-01,-9.8580538344e-01,-2.6941690774e-01,Multi-Modal,0,n/a,n/a,n/a,n/a,n/a,n/a,n/a,n/a,n/a,n/a,n/a,n/a
AFTER_COMPUTE_DPAT,4,613,VFB36_4A,4.9549999833e-01,5.0449997187e-01,50,5.0020330966e-01,3.0946090910e-04,4.6281151998e+00,5.0661340263e+00,4.6281151998e+00,4.9992999434e-01,5.0021749735e-01,5.0047010183e-01,-9.8580538344e-01,-2.6941690774e-01,Multi-Modal,0,4.9648977875e-01,4.9741816147e-01,4.9834654420e-01,5.0206007511e-01,5.0298845784e-01,5.0391684056e-01,4.9648977875e-01,4.9741816147e-01,4.9834654420e-01,5.0206007511e-01,5.0298845784e-01,5.0391684056e-01
BEFORE_COMPUTE_DPAT,4,602,VFB14_2mA,4.9549999833e-01,5.0449997187e-01,50,5.0023195982e-01,3.0989788248e-04,4.5907725181e+00,5.0898072734e+00,4.5907725181e+00,4.9995937943e-01,5.0021129847e-01,5.0051110983e-01,-9.8575147361e-01,-6.4918242177e-02,Multi-Modal,0,n/a,n/a,n/a,n/a,n/a,n/a,n/a,n/a,n/a,n/a,n/a,n/a
AFTER_FILTER_SAMPLES,4,602,VFB14_2mA,4.9549999833e-01,5.0449997187e-01,50,5.0023195982e-01,3.0989788248e-04,4.5907725181e+00,5.0898072734e+00,4.5907725181e+00,4.9995937943e-01,5.0021129847e-01,5.0051110983e-01,-9.8575147361e-01,-6.4918242177e-02,Multi-Modal,0,n/a,n/a,n/a,n/a,n/a,n/a,n/a,n/a,n/a,n/a,n/a,n/a
AFTER_COMPUTE_DPAT,4,602,VFB14_2mA,4.9549999833e-01,5.0449997187e-01,50,5.0023195982e-01,3.0989788248e-04,4.5907725181e+00,5.0898072734e+00,4.5907725181e+00,4.9995937943e-01,5.0021129847e-01,5.0051110983e-01,-9.8575147361e-01,-6.4918242177e-02,Multi-Modal,0,4.9651318523e-01,4.9744287888e-01,4.9837257252e-01,5.0209134711e-01,5.0302104076e-01,5.0395073441e-01,4.9651318523e-01,4.9744287888e-01,4.9837257252e-01,5.0209134711e-01,5.0302104076e-01,5.0395073441e-01
BEFORE_COMPUTE_DPAT,4,503,Icc1425,7.9999997979e-05,1.5200000489e-03,50,6.2830489245e-04,2.1685498370e-05,8.4281345550e+00,8.4281345550e+00,1.3706473964e+01,6.0763640795e-04,6.3049167511e-04,6.4120860770e-04,-1.3013729355e-01,3.2977867999e-01,Gaussian,0,n/a,n/a,n/a,n/a,n/a,n/a,n/a,n/a,n/a,n/a,n/a,n/a
AFTER_FILTER_SAMPLES,4,503,Icc1425,7.9999997979e-05,1.5200000489e-03,50,6.2830489245e-04,2.1685498370e-05,8.4281345550e+00,8.4281345550e+00,1.3706473964e+01,6.0763640795e-04,6.3049167511e-04,6.4120860770e-04,-1.3013729355e-01,3.2977867999e-01,Gaussian,0,n/a,n/a,n/a,n/a,n/a,n/a,n/a,n/a,n/a,n/a,n/a,n/a
AFTER_COMPUTE_DPAT,4,503,Icc1425,7.9999997979e-05,1.5200000489e-03,50,6.2830489245e-04,2.1685498370e-05,8.4281345550e+00,8.4281345550e+00,1.3706473964e+01,6.0763640795e-04,6.3049167511e-04,6.4120860770e-04,-1.3013729355e-01,3.2977867999e-01,Gaussian,0,3.6807891201e-04,4.3313540712e-04,4.9819190223e-04,7.5841788267e-04,8.2347437779e-04,8.8853087290e-04,3.6807891201e-04,4.3313540712e-04,4.9819190223e-04,7.5841788267e-04,8.2347437779e-04,8.8853087290e-04
BEFORE_COMPUTE_DPAT,4,415,Ilim8_pre,4.5000000000e+00,1.3500000000e+01,50,1.0477045231e+01,3.0875857395e-01,3.2635582449e+00,6.4527711241e+00,3.2635582449e+00,1.0245533943e+01,1.0487576485e+01,1.0691472054e+01,-6.2192489138e-01,-2.0304483160e-01,Gaussian,0,n/a,n/a,n/a,n/a,n/a,n/a,n/a,n/a,n/a,n/a,n/a,n/a
AFTER_FILTER_SAMPLES,4,415,Ilim8_pre,4.5000000000e+00,1.3500000000e+01,50,1.0477045231e+01,3.0875857395e-01,3.2635582449e+00,6.4527711241e+00,3.2635582449e+00,1.0245533943e+01,1.0487576485e+01,1.0691472054e+01,-6.2192489138e-01,-2.0304483160e-01,Gaussian,0,n/a,n/a,n/a,n/a,n/a,n/a,n/a,n/a,n/a,n/a,n/a,n/a
AFTER_COMPUTE_DPAT,4,415,Ilim8_pre,4.5000000000e+00,1.3500000000e+01,50,1.0477045231e+01,3.0875857395e-01,3.2635582449e+00,6.4527711241e+00,3.2635582449e+00,1.0245533943e+01,1.0487576485e+01,1.0691472054e+01,-6.2192489138e-01,-2.0304483160e-01,Gaussian,0,6.7719423435e+00,7.6982180653e+00,8.6244937872e+00,1.2329596675e+01,1.3255872396e+01,1.3500000000e+01,6.7719423435e+00,7.6982180653e+00,8.6244937872e+00,1.2329596675e+01,1.3255872396e+01,1.3500000000e+01
BEFORE_COMPUTE_DPAT,4,316,EXPOSED_PAD,-1.0000000149e-01,1.0000000149e-01,50,4.6080922633e-02,2.3062990433e-04,7.7930164078e+01,2.1113325055e+02,7.7930164078e+01,4.5934893191e-02,4.6184517443e-02,4.6246923506e-02,-5.4654336771e-01,-7.8660039897e-01,Clamped (Left),0,n/a,n/a,n/a,n/a,n/a,n/a,n/a,n/a,n/a,n/a,n/a,n/a
AFTER_FILTER_SAMPLES,4,316,EXPOSED_PAD,-1.0000000149e-01,1.0000000149e-01,50,4.6080922633e-02,2.3062990433e-04,7.7930164078e+01,2.1113325055e+02,7.7930164078e+01,4.5934893191e-02,4.6184517443e-02,4.6246923506e-02,-5.4654336771e-01,-7.8660039897e-01,Clamped (Left),0,n/a,n/a,n/a,n/a,n/a,n/a,n/a,n/a,n/a,n/a,n/a,n/a
AFTER_COMPUTE_DPAT,4,316,EXPOSED_PAD,-1.0000000149e-01,1.0000000149e-01,50,4.6080922633e-02,2.3062990433e-04,7.7930164078e+01,2.1113325055e+02,7.7930164078e+01,4.5934893191e-02,4.6184517443e-02,4.6246923506e-02,-5.4654336771e-01,-7.8660039897e-01,Clamped (Left),0,-1.0000000149e-01,-1.0000000149e-01,-1.0000000149e-01,1.0000000149e-01,1.0000000149e-01,1.0000000149e-01,-1.0000000149e-01,-1.0000000149e-01,-1.0000000149e-01,1.0000000149e-01,1.0000000149e-01,1.0000000149e-01
BEFORE_COMPUTE_DPAT,4,305,PIN11 OUT5,-8.9999997616e-01,-3.0000001192e-01,50,-4.8887293458e-01,3.0858021785e-03,2.0402358040e+01,4.4410606793e+01,2.0402358040e+01,-4.9128675461e-01,-4.8866303265e-01,-4.8653909564e-01,-2.4308023746e-01,1.8049917731e-01,Gaussian,0,n/a,n/a,n/a,n/a,n/a,n/a,n/a,n/a,n/a,n/a,n/a,n/a
AFTER_FILTER_SAMPLES,4,305,PIN11 OUT5,-8.9999997616e-01,-3.0000001192e-01,50,-4.8887293458e-01,3.0858021785e-03,2.0402358040e+01,4.4410606793e+01,2.0402358040e+01,-4.9128675461e-01,-4.8866303265e-01,-4.8653909564e-01,-2.4308023746e-01,1.8049917731e-01,Gaussian,0,n/a,n/a,n/a,n/a,n/a,n/a,n/a,n/a,n/a,n/a,n/a,n/a
AFTER_COMPUTE_DPAT,4,305,PIN11 OUT5,-8.9999997616e-01,-3.0000001192e-01,50,-4.8887293458e-01,3.0858021785e-03,2.0402358040e+01,4.4410606793e+01,2.0402358040e+01,-4.9128675461e-01,-4.8866303265e-01,-4.8653909564e-01,-2.4308023746e-01,1.8049917731e-01,Gaussian,0,-8.9999997616e-01,-8.9999997616e-01,-8.9999997616e-01,-3.0000001192e-01,-3.0000001192e-01,-3.0000001192e-01,-8.9999997616e-01,-8.9999997616e-01,-8.9999997616e-01,-3.0000001192e-01,-3.0000001192e-01,-3.0000001192e-01
BEFORE_COMPUTE_DPAT,4,713,POK_LowV,0.0000000000e+00,1.8999999762e-01,50,3.2743837684e-03,9.3687902919e-05,1.1649969976e+01,1.1649969976e+01,6.6435334065e+02,3.1891767867e-03,3.2891263254e-03,3.3266074024e-03,3.3725966563e-01,-6.1388615869e-01,Multi-Modal,0,n/a,n/a,n/a,n/a,n/a,n/a,n/a,n/a,n/a,n/a,n/a,n/a
AFTER_FILTER_SAMPLES,4,713,POK_LowV,0.0000000000e+00,1.8999999762e-01,50,3.2743837684e-03,9.3687902919e-05,1.1649969976e+01,1.1649969976e+01,6.6435334065e+02,3.1891767867e-03,3.2891263254e-03,3.3266074024e-03,3.3725966563e-01,-6.1388615869e-01,Multi-Modal,0,n/a,n/a,n/a,n/a,n/a,n/a,n/a,n/a,n/a,n/a,n/a,n/a
AFTER_COMPUTE_DPAT,4,713,POK_LowV,0.0000000000e+00,1.8999999762e-01,50,3.2743837684e-03,9.3687902919e-05,1.1649969976e+01,1.1649969976e+01,6.6435334065e+02,3.1891767867e-03,3.2891263254e-03,3.3266074024e-03,3.3725966563e-01,-6.1388615869e-01,Multi-Modal,0,2.1501289334e-03,2.4311926422e-03,2.7122563509e-03,3.8365111860e-03,4.1175748947e-03,4.3986386035e-03,2.1501289334e-03,2.4311926422e-03,2.7122563509e-03,3.8365111860e-03,4.1175748947e-03,4.3986386035e-03
BEFORE_COMPUTE_DPAT,4,625,RATIO,2.2000000477e+00,4.9000000954e+00,50,3.4119068623e+00,2.7958983045e-02,1.4448627747e+01,1.4448627747e+01,1.7741384832e+01,3.3933219910e+00,3.4153392315e+00,3.4301047325e+00,3.2139508905e-01,-4.8394011513e-01,Gaussian,0,n/a,n/a,n/a,n/a,n/a,n/a,n/a,n/a,n/a,n/a,n/a,n/a
AFTER_FILTER_SAMPLES,4,625,RATIO,2.2000000477e+00,4.9000000954e+00,50,3.4119068623e+00,2.7958983045e-02,1.4448627747e+01,1.4448627747e+01,1.7741384832e+01,3.3933219910e+00,3.4153392315e+00,3.4301047325e+00,3.2139508905e-01,-4.8394011513e-01,Gaussian,0,n/a,n/a,n/a,n/a,n/a,n/a,n/a,n/a,n/a,n/a,n/a,n/a
AFTER_COMPUTE_DPAT,4,625,RATIO,2.2000000477e+00,4.9000000954e+00,50,3.4119068623e+00,2.7958983045e-02,1.4448627747e+01,1.4448627747e+01,1.7741384832e+01,3.3933219910e+00,3.4153392315e+00,3.4301047325e+00,3.2139508905e-01,-4.8394011513e-01,Gaussian,0,3.0763990657e+00,3.1602760149e+00,3.2441529640e+00,3.5796607605e+00,3.6635377097e+00,3.7474146588e+00,3.0763990657e+00,3.1602760149e+00,3.2441529640e+00,3.5796607605e+00,3.6635377097e+00,3.7474146588e+00
BEFORE_COMPUTE_DPAT,4,614,TM_CHECK,8.9999997499e-07,1.0999999631e-06,50,1.0009071343e-06,1.1194993736e-08,2.9505101756e+00,3.0045322549e+00,2.9505101756e+00,9.9592148217e-07,1.0020588661e-06,1.0070406233e-06,-1.2084143051e-01,-3.4696940201e-01,Gaussian,0,n/a,n/a,n/a,n/a,n/a,n/a,n/a,n/a,n/a,n/a,n/a,n/a
AFTER_FILTER_SAMPLES,4,614,TM_CHECK,8.9999997499e-07,1.0999999631e-06,50,1.0009071343e-06,1.1194993736e-08,2.9505101756e+00,3.0045322549e+00,2.9505101756e+00,9.9592148217e-07,1.0020588661e-06,1.0070406233e-06,-1.2084143051e-01,-3.4696940201e-01,Gaussian,0,n/a,n/a,n/a,n/a,n/a,n/a,n/a,n/a,n/a,n/a,n/a,n/a
AFTER_COMPUTE_DPAT,4,614,TM_CHECK,8.9999997499e-07,1.0999999631e-06,50,1.0009071343e-06,1.1194993736e-08,2.9505101756e+00,3.0045322549e+00,2.9505101756e+00,9.9592148217e-07,1.0020588661e-06,1.0070406233e-06,-1.2084143051e-01,-3.4696940201e-01,Gaussian,0,8.9999997499e-07,9.0015219069e-07,9.3373717189e-07,1.0680770967e-06,1.0999999631e-06,1.0999999631e-06,8.9999997499e-07,9.0015219069e-07,9.3373717189e-07,1.0680770967e-06,1.0999999631e-06,1.0999999631e-06
BEFORE_COMPUTE_DPAT,4,603,VO36_2mA,1.2139999866e+00,1.2500000000e+00,50,1.2261263680e+00,7.7018023939e-04,5.2482872524e+00,5.2482872524e+00,1.0332487009e+01,1.2253776789e+00,1.2262699604e+00,1.2267687321e+00,-9.8323070826e-01,-1.6390299672e-01,Multi-Modal,0,n/a,n/a,n/a,n/a,n/a,n/a,n/a,n/a,n/a,n/a,n/a,n/a
AFTER_FILTER_SAMPLES,4,603,VO36_2mA,1.2139999866e+00,1.2500000000e+00,50,1.2261263680e+00,7.7018023939e-04,5.2482872524e+00,5.2482872524e+00,1.0332487009e+01,1.2253776789e+00,1.2262699604e+00,1.2267687321e+00,-9.8323070826e-01,-1.6390299672e-01,Multi-Modal,0,n/a,n/a,n/a,n/a,n/a,n/a,n/a,n/a,n/a,n/a,n/a,n/a
AFTER_COMPUTE_DPAT,4,603,VO36_2mA,1.2139999866e+00,1.2500000000e+00,50,1.2261263680e+00,7.7018023939e-04,5.2482872524e+00,5.2482872524e+00,1.0332487009e+01,1.2253776789e+00,1.2262699604e+00,1.2267687321e+00,-9.8323070826e-01,-1.6390299672e-01,Multi-Modal,0,1.2168842052e+00,1.2191947459e+00,1.2215052866e+00,1.2307474495e+00,1.2330579902e+00,1.2353685309e+00,1.2168842052e+00,1.2191947459e+00,1.2215052866e+00,1.2307474495e+00,1.2330579902e+00,1.2353685309e+00
BEFORE_COMPUTE_DPAT,4,504,Icc18,7.9999997979e-05,1.5200000489e-03,50,6.3315754640e-04,2.1727683346e-05,8.4862176303e+00,8.4862176303e+00,1.3605415856e+01,6.1471422669e-04,6.3498099917e-04,6.4861838473e-04,-1.8365341379e-01,2.8709104116e-01,Multi-Modal,0,n/a,n/a,n/a,n/a,n/a,n/a,n/a,n/a,n/a,n/a,n/a,n/a
AFTER_FILTER_SAMPLES,4,504,Icc18,7.9999997979e-05,1.5200000489e-03,50,6.3315754640e-04,2.1727683346e-05,8.4862176303e+00,8.4862176303e+00,1.3605415856e+01,6.1471422669e-04,6.3498099917e-04,6.4861838473e-04,-1.8365341379e-01,2.8709104116e-01,Multi-Modal,0,n/a,n/a,n/a,n/a,n/a,n/a,n/a,n/a,n/a,n/a,n/a,n/a
AFTER_COMPUTE_DPAT,4,504,Icc18,7.9999997979e-05,1.5200000489e-03,50,6.3315754640e-04,2.1727683346e-05,8.4862176303e+00,8.4862176303e+00,1.3605415856e+01,6.1471422669e-04,6.3498099917e-04,6.4861838473e-04,-1.8365341379e-01,2.8709104116e-01,Multi-Modal,0,3.7242534625e-04,4.3760839629e-04,5.0279144633e-04,7.6352364647e-04,8.2870669651e-04,8.9388974655e-04,3.7242534625e-04,4.3760839629e-04,5.0279144633e-04,7.6352364647e-04,8.2870669651e-04,8.9388974655e-04
BEFORE_COMPUTE_DPAT,4,416,Ilim_err,-5.4000002146e-01,5.4000002146e-01,50,3.2384772897e-01,2.0074500337e-02,3.5891684950e+00,1.4344030751e+01,3.5891684950e+00,3.0916175246e-01,3.2510551810e-01,3.3797639608e-01,-5.5130832188e-01,-3.1941121267e-01,Gaussian,0,n/a,n/a,n/a,n/a,n/a,n/a,n/a,n/a,n/a,n/a,n/a,n/a
AFTER_FILTER_SAMPLES,4,416,Ilim_err,-5.4000002146e-01,5.4000002146e-01,50,3.2384772897e-01,2.0074500337e-02,3.5891684950e+00,1.4344030751e+01,3.5891684950e+00,3.0916175246e-01,3.2510551810e-01,3.3797639608e-01,-5.5130832188e-01,-3.1941121267e-01,Gaussian,0,n/a,n/a,n/a,n/a,n/a,n/a,n/a,n/a,n/a,n/a,n/a,n/a
AFTER_COMPUTE_DPAT,4,416,Ilim_err,-5.4000002146e-01,5.4000002146e-01,50,3.2384772897e-01,2.0074500337e-02,3.5891684950e+00,1.4344030751e+01,3.5891684950e+00,3.0916175246e-01,3.2510551810e-01,3.3797639608e-01,-5.5130832188e-01,-3.1941121267e-01,Gaussian,0,8.2953724923e-02,1.4317722593e-01,2.0340072695e-01,4.4429473099e-01,5.0451823200e-01,5.4000002146e-01,8.2953724923e-02,1.4317722593e-01,2.0340072695e-01,4.4429473099e-01,5.0451823200e-01,5.4000002146e-01
BEFORE_COMPUTE_DPAT,4,306,PIN6 IN6,-8.9999997616e-01,-3.0000001192e-01,50,-3.7084824562e-01,4.8676427673e-03,4.8516456586e+00,3.6236001410e+01,4.8516456586e+00,-3.7448325753e-01,-3.7074129283e-01,-3.6808630824e-01,2.2931637806e+00,7.2868818428e-01,Gaussian (Left tailed),0,n/a,n/a,n/a,n/a,n/a,n/a,n/a,n/a,n/a,n/a,n/a,n/a
AFTER_FILTER_SAMPLES,4,306,PIN6 IN6,-8.9999997616e-01,-3.0000001192e-01,50,-3.7084824562e-01,4.8676427673e-03,4.8516456586e+00,3.6236001410e+01,4.8516456586e+00,-3.7448325753e-01,-3.7074129283e-01,-3.6808630824e-01,2.2931637806e+00,7.2868818428e-01,Gaussian (Left tailed),0,n/a,n/a,n/a,n/a,n/a,n/a,n/a,n/a,n/a,n/a,n/a,n/a
AFTER_COMPUTE_DPAT,4,306,PIN6 IN6,-8.9999997616e-01,-3.0000001192e-01,50,-3.7084824562e-01,4.8676427673e-03,4.8516456586e+00,3.6236001410e+01,4.8516456586e+00,-3.7448325753e-01,-3.7074129283e-01,-3.6808630824e-01,2.2931637806e+00,7.2868818428e-01,Gaussian (Left tailed),0,-4.3899524436e-01,-4.1952467329e-01,-4.0492174499e-01,-3.4164238902e-01,-3.2703946071e-01,-3.1243653241e-01,-4.3899524436e-01,-4.1952467329e-01,-4.0492174499e-01,-3.4164238902e-01,-3.2703946071e-01,-3.1243653241e-01
BEFORE_COMPUTE_DPAT,4,714,POK_del,2.8750000638e-05,9.6249998023e-05,50,6.9958867680e-05,1.4493436598e-06,6.0466750279e+00,9.4775927856e+00,6.0466750279e+00,6.8841436587e-05,6.9721198088e-05,7.0923313615e-05,6.8546109120e-01,7.4080306279e-01,Gaussian (Right tailed),0,n/a,n/a,n/a,n/a,n/a,n/a,n/a,n/a,n/a,n/a,n/a,n/a
AFTER_FILTER_SAMPLES,4,714,POK_del,2.8750000638e-05,9.6249998023e-05,50,6.9958867680e-05,1.4493436598e-06,6.0466750279e+00,9.4775927856e+00,6.0466750279e+00,6.8841436587e-05,6.9721198088e-05,7.0923313615e-05,6.8546109120e-01,7.4080306279e-01,Gaussian (Right tailed),0,n/a,n/a,n/a,n/a,n/a,n/a,n/a,n/a,n/a,n/a,n/a,n/a
AFTER_COMPUTE_DPAT,4,714,POK_del,2.8750000638e-05,9.6249998023e-05,50,6.9958867680e-05,1.4493436598e-06,6.0466750279e+00,9.4775927856e+00,6.0466750279e+00,6.8841436587e-05,6.9721198088e-05,7.0923313615e-05,6.8546109120e-01,7.4080306279e-01,Gaussian (Right tailed),0,5.2566743762e-05,5.6914774742e-05,6.1262805721e-05,8.0104273298e-05,8.4452304278e-05,9.0249678917e-05,5.2566743762e-05,5.6914774742e-05,6.1262805721e-05,8.0104273298e-05,8.4452304278e-05,9.0249678917e-05
BEFORE_COMPUTE_DPAT,4,615,VO14_4A,1.2000000477e+00,1.2500000000e+00,50,1.2266854119e+00,1.0037821798e-03,7.7422467871e+00,8.8616052309e+00,7.7422467871e+00,1.2258672714e+00,1.2266931534e+00,1.2274860144e+00,-5.7249147166e-01,-1.4933089120e-01,Multi-Modal,0,n/a,n/a,n/a,n/a,n/a,n/a,n/a,n/a,n/a,n/a,n/a,n/a
AFTER_FILTER_SAMPLES,4,615,VO14_4A,1.2000000477e+00,1.2500000000e+00,50,1.2266854119e+00,1.0037821798e-03,7.7422467871e+00,8.8616052309e+00,7.7422467871e+00,1.2258672714e+00,1.2266931534e+00,1.2274860144e+00,-5.7249147166e-01,-1.4933089120e-01,Multi-Modal,0,n/a,n/a,n/a,n/a,n/a,n/a,n/a,n/a,n/a,n/a,n/a,n/a
AFTER_COMPUTE_DPAT,4,615,VO14_4A,1.2000000477e+00,1.2500000000e+00,50,1.2266854119e+00,1.0037821798e-03,7.7422467871e+00,8.8616052309e+00,7.7422467871e+00,1.2258672714e+00,1.2266931534e+00,1.2274860144e+00,-5.7249147166e-01,-1.4933089120e-01,Multi-Modal,0,1.2146400258e+00,1.2176513723e+00,1.2206627189e+00,1.2327081050e+00,1.2357194515e+00,1.2387307981e+00,1.2146400258e+00,1.2176513723e+00,1.2206627189e+00,1.2327081050e+00,1.2357194515e+00,1.2387307981e+00
BEFORE_COMPUTE_DPAT,4,604,VFB36_2mA,4.9549999833e-01,5.0449997187e-01,50,5.0025044978e-01,3.0905225836e-04,4.5833910771e+00,5.1236765704e+00,4.5833910771e+00,4.9997395277e-01,5.0026750565e-01,5.0052779913e-01,-1.0000391093e+00,-1.6710229185e-01,Clamped (Left),0,n/a,n/a,n/a,n/a,n/a,n/a,n/a,n/a,n/a,n/a,n/a,n/a
AFTER_FILTER_SAMPLES,4,604,VFB36_2mA,4.9549999833e-01,5.0449997187e-01,50,5.0025044978e-01,3.0905225836e-04,4.5833910771e+00,5.1236765704e+00,4.5833910771e+00,4.9997395277e-01,5.0026750565e-01,5.0052779913e-01,-1.0000391093e+00,-1.6710229185e-01,Clamped (Left),0,n/a,n/a,n/a,n/a,n/a,n/a,n/a,n/a,n/a,n/a,n/a,n/a
AFTER_COMPUTE_DPAT,4,604,VFB36_2mA,4.9549999833e-01,5.0449997187e-01,50,5.0025044978e-01,3.0905225836e-04,4.5833910771e+00,5.1236765704e+00,4.5833910771e+00,4.9997395277e-01,5.0026750565e-01,5.0052779913e-01,-1.0000391093e+00,-1.6710229185e-01,Clamped (Left),0,4.9654182268e-01,4.9746897945e-01,4.9839613623e-01,5.0117760655e-01,5.0148665881e-01,5.0210476333e-01,4.9654182268e-01,4.9746897945e-01,4.9839613623e-01,5.0117760655e-01,5.0148665881e-01,5.0210476333e-01
BEFORE_COMPUTE_DPAT,4,505,Icc36,7.9999997979e-05,1.5200000489e-03,50,6.3501641038e-04,1.9588578281e-05,9.4445583620e+00,9.4445583620e+00,1.5059517947e+01,6.1839795671e-04,6.3508030144e-04,6.4807967283e-04,-3.7378849082e-01,2.7017741473e-01,Gaussian,0,n/a,n/a,n/a,n/a,n/a,n/a,n/a,n/a,n/a,n/a,n/a,n/a
AFTER_FILTER_SAMPLES,4,505,Icc36,7.9999997979e-05,1.5200000489e-03,50,6.3501641038e-04,1.9588578281e-05,9.4445583620e+00,9.4445583620e+00,1.5059517947e+01,6.1839795671e-04,6.3508030144e-04,6.4807967283e-04,-3.7378849082e-01,2.7017741473e-01,Gaussian,0,n/a,n/a,n/a,n/a,n/a,n/a,n/a,n/a,n/a,n/a,n/a,n/a
AFTER_COMPUTE_DPAT,4,505,Icc36,7.9999997979e-05,1.5200000489e-03,50,6.3501641038e-04,1.9588578281e-05,9.4445583620e+00,9.4445583620e+00,1.5059517947e+01,6.1839795671e-04,6.3508030144e-04,6.4807967283e-04,-3.7378849082e-01,2.7017741473e-01,Gaussian,0,3.9995347101e-04,4.5871920585e-04,5.1748494069e-04,7.5254788006e-04,8.1131361491e-04,8.7007934975e-04,3.9995347101e-04,4.5871920585e-04,5.1748494069e-04,7.5254788006e-04,8.1131361491e-04,8.7007934975e-04
BEFORE_COMPUTE_DPAT,4,417,Ilim8Post,5.4299998283e+00,8.3999996185e+00,50,7.2936189270e+00,1.2303198704e-01,2.9975421248e+00,5.0491451953e+00,2.9975421248e+00,7.1827998161e+00,7.2934072018e+00,7.3839573860e+00,-8.4881015357e-01,4.7778696789e-02,Gaussian,0,n/a,n/a,n/a,n/a,n/a,n/a,n/a,n/a,n/a,n/a,n/a,n/a
AFTER_FILTER_SAMPLES,4,417,Ilim8Post,5.4299998283e+00,8.3999996185e+00,50,7.2936189270e+00,1.2303198704e-01,2.9975421248e+00,5.0491451953e+00,2.9975421248e+00,7.1827998161e+00,7.2934072018e+00,7.3839573860e+00,-8.4881015357e-01,4.7778696789e-02,Gaussian,0,n/a,n/a,n/a,n/a,n/a,n/a,n/a,n/a,n/a,n/a,n/a,n/a
AFTER_COMPUTE_DPAT,4,417,Ilim8Post,5.4299998283e+00,8.3999996185e+00,50,7.2936189270e+00,1.2303198704e-01,2.9975421248e+00,5.0491451953e+00,2.9975421248e+00,7.1827998161e+00,7.2934072018e+00,7.3839573860e+00,-8.4881015357e-01,4.7778696789e-02,Gaussian,0,5.8172350826e+00,6.1863310437e+00,6.5554270048e+00,8.0318108492e+00,8.3999996185e+00,8.3999996185e+00,5.8172350826e+00,6.1863310437e+00,6.5554270048e+00,8.0318108492e+00,8.3999996185e+00,8.3999996185e+00
BEFORE_COMPUTE_DPAT,4,406,Vfb Err Post Expected,-2.0000000950e-03,2.0000000950e-03,50,5.4696768148e-05,5.9059437786e-04,1.0979353455e+00,1.1596774031e+00,1.0979353455e+00,-5.4230034584e-04,8.3624636318e-05,5.6743685855e-04,-1.2881973217e+00,-7.9682253921e-02,Multi-Modal,0,n/a,n/a,n/a,n/a,n/a,n/a,n/a,n/a,n/a,n/a,n/a,n/a
AFTER_FILTER_SAMPLES,4,406,Vfb Err Post Expected,-2.0000000950e-03,2.0000000950e-03,50,5.4696768148e-05,5.9059437786e-04,1.0979353455e+00,1.1596774031e+00,1.0979353455e+00,-5.4230034584e-04,8.3624636318e-05,5.6743685855e-04,-1.2881973217e+00,-7.9682253921e-02,Multi-Modal,0,n/a,n/a,n/a,n/a,n/a,n/a,n/a,n/a,n/a,n/a,n/a,n/a
AFTER_COMPUTE_DPAT,4,406,Vfb Err Post Expected,-2.0000000950e-03,2.0000000950e-03,50,5.4696768148e-05,5.9059437786e-04,1.0979353455e+00,1.1596774031e+00,1.0979353455e+00,-5.4230034584e-04,8.3624636318e-05,5.6743685855e-04,-1.2881973217e+00,-7.9682253921e-02,Multi-Modal,0,-2.0000000950e-03,-2.0000000950e-03,-2.0000000950e-03,2.0000000950e-03,2.0000000950e-03,2.0000000950e-03,-2.0000000950e-03,-2.0000000950e-03,-2.0000000950e-03,2.0000000950e-03,2.0000000950e-03,2.0000000950e-03
BEFORE_COMPUTE_DPAT,4,307,PIN7 OUT1,-8.9999997616e-01,-3.0000001192e-01,50,-4.7123108923e-01,4.2862179290e-03,1.3316407779e+01,3.3344772635e+01,1.3316407779e+01,-4.7379454970e-01,-4.7092127800e-01,-4.6854770184e-01,7.8075806032e-01,5.6377289657e-02,Gaussian,0,n/a,n/a,n/a,n/a,n/a,n/a,n/a,n/a,n/a,n/a,n/a,n/a
AFTER_FILTER_SAMPLES,4,307,PIN7 OUT1,-8.9999997616e-01,-3.0000001192e-01,50,-4.7123108923e-01,4.2862179290e-03,1.3316407779e+01,3.3344772635e+01,1.3316407779e+01,-4.7379454970e-01,-4.7092127800e-01,-4.6854770184e-01,7.8075806032e-01,5.6377289657e-02,Gaussian,0,n/a,n/a,n/a,n/a,n/a,n/a,n/a,n/a,n/a,n/a,n/a,n/a
AFTER_COMPUTE_DPAT,4,307,PIN7 OUT1,-8.9999997616e-01,-3.0000001192e-01,50,-4.7123108923e-01,4.2862179290e-03,1.3316407779e+01,3.3344772635e+01,1.3316407779e+01,-4.7379454970e-01,-4.7092127800e-01,-4.6854770184e-01,7.8075806032e-01,5.6377289657e-02,Gaussian,0,-5.2266570438e-01,-5.0980705060e-01,-4.9694839681e-01,-4.4551378166e-01,-4.3265512787e-01,-4.1979647409e-01,-5.2266570438e-01,-5.0980705060e-01,-4.9694839681e-01,-4.4551378166e-01,-4.3265512787e-01,-4.1979647409e-01
BEFORE_COMPUTE_DPAT,4,605,Line_Reg,-1.3500000350e-03,1.3500000350e-03,50,2.0945210281e-06,4.6329166319e-05,9.6980341692e+00,9.7281738730e+00,9.6980341692e+00,-4.2984578613e-05,-1.1723066109e-06,3.7513811549e-05,-3.7724312827e-01,4.3130273049e-01,Clamped (Left),0,n/a,n/a,n/a,n/a,n/a,n/a,n/a,n/a,n/a,n/a,n/a,n/a
AFTER_FILTER_SAMPLES,4,605,Line_Reg,-1.3500000350e-03,1.3500000350e-03,50,2.0945210281e-06,4.6329166319e-05,9.6980341692e+00,9.7281738730e+00,9.6980341692e+00,-4.2984578613e-05,-1.1723066109e-06,3.7513811549e-05,-3.7724312827e-01,4.3130273049e-01,Clamped (Left),0,n/a,n/a,n/a,n/a,n/a,n/a,n/a,n/a,n/a,n/a,n/a,n/a
AFTER_COMPUTE_DPAT,4,605,Line_Reg,-1.3500000350e-03,1.3500000350e-03,50,2.0945210281e-06,4.6329166319e-05,9.6980341692e+00,9.7281738730e+00,9.6980341692e+00,-4.2984578613e-05,-1.1723066109e-06,3.7513811549e-05,-3.7724312827e-01,4.3130273049e-01,Clamped (Left),0,-5.5385547481e-04,-4.1486797585e-04,-2.7588047689e-04,1.4108201999e-04,1.8741118631e-04,2.8006951895e-04,-5.5385547481e-04,-4.1486797585e-04,-2.7588047689e-04,1.4108201999e-04,1.8741118631e-04,2.8006951895e-04
BEFORE_COMPUTE_DPAT,4,506,Ien_high,-8.9999997499e-07,8.9999997499e-07,50,-6.1193009035e-10,1.2962800756e-09,2.3127410551e+02,2.3127410551e+02,2.3158881635e+02,-1.6690560045e-09,-1.2757799817e-09,8.1644835337e-10,-8.3744165354e-01,7.8216401644e-01,Gaussian (Right tailed),0,n/a,n/a,n/a,n/a,n/a,n/a,n/a,n/a,n/a,n/a,n/a,n/a
AFTER_FILTER_SAMPLES,4,506,Ien_high,-8.9999997499e-07,8.9999997499e-07,50,-6.1193009035e-10,1.2962800756e-09,2.3127410551e+02,2.3127410551e+02,2.3158881635e+02,-1.6690560045e-09,-1.2757799817e-09,8.1644835337e-10,-8.3744165354e-01,7.8216401644e-01,Gaussian (Right tailed),0,n/a,n/a,n/a,n/a,n/a,n/a,n/a,n/a,n/a,n/a,n/a,n/a
AFTER_COMPUTE_DPAT,4,506,Ien_high,-8.9999997499e-07,8.9999997499e-07,50,-6.1193009035e-10,1.2962800756e-09,2.3127410551e+02,2.3127410551e+02,2.3158881635e+02,-1.6690560045e-09,-1.2757799817e-09,8.1644835337e-10,-8.3744165354e-01,7.8216401644e-01,Gaussian (Right tailed),0,-8.9999997499e-07,-8.9999997499e-07,-8.9999997499e-07,8.9999997499e-07,8.9999997499e-07,8.9999997499e-07,-8.9999997499e-07,-8.9999997499e-07,-8.9999997499e-07,8.9999997499e-07,8.9999997499e-07,8.9999997499e-07
BEFORE_COMPUTE_DPAT,4,418,Ilim_err2,-5.4000002146e-01,5.4000002146e-01,50,3.0462214896e-02,1.7382289552e-02,9.7712062044e+00,1.0939530044e+01,9.7712062044e+00,1.4805395156e-02,3.0432301573e-02,4.3225467205e-02,-8.4880992124e-01,4.7779816456e-02,Gaussian,0,n/a,n/a,n/a,n/a,n/a,n/a,n/a,n/a,n/a,n/a,n/a,n/a
AFTER_FILTER_SAMPLES,4,418,Ilim_err2,-5.4000002146e-01,5.4000002146e-01,50,3.0462214896e-02,1.7382289552e-02,9.7712062044e+00,1.0939530044e+01,9.7712062044e+00,1.4805395156e-02,3.0432301573e-02,4.3225467205e-02,-8.4880992124e-01,4.7779816456e-02,Gaussian,0,n/a,n/a,n/a,n/a,n/a,n/a,n/a,n/a,n/a,n/a,n/a,n/a
AFTER_COMPUTE_DPAT,4,418,Ilim_err2,-5.4000002146e-01,5.4000002146e-01,50,3.0462214896e-02,1.7382289552e-02,9.7712062044e+00,1.0939530044e+01,9.7712062044e+00,1.4805395156e-02,3.0432301573e-02,4.3225467205e-02,-8.4880992124e-01,4.7779816456e-02,Gaussian,0,-1.7812525973e-01,-1.2597839108e-01,-7.3831522418e-02,1.3475595221e-01,1.8690282087e-01,2.3904968952e-01,-1.7812525973e-01,-1.2597839108e-01,-7.3831522418e-02,1.3475595221e-01,1.8690282087e-01,2.3904968952e-01
BEFORE_COMPUTE_DPAT,4,407,Vref_post,n/a,n/a,50,5.2493925265e-04,5.9053718152e-05,-9.9000000000e+99,-9.9000000000e+99,-9.9000000000e+99,4.8012856860e-04,5.2281533135e-04,5.5717298528e-04,-3.7414796286e-01,9.4925075563e-02,Gaussian,0,n/a,n/a,n/a,n/a,n/a,n/a,n/a,n/a,n/a,n/a,n/a,n/a
AFTER_FILTER_SAMPLES,4,407,Vref_post,n/a,n/a,50,5.2493925265e-04,5.9053718152e-05,-9.9000000000e+99,-9.9000000000e+99,-9.9000000000e+99,4.8012856860e-04,5.2281533135e-04,5.5717298528e-04,-3.7414796286e-01,9.4925075563e-02,Gaussian,0,n/a,n/a,n/a,n/a,n/a,n/a,n/a,n/a,n/a,n/a,n/a,n/a
AFTER_COMPUTE_DPAT,4,407,Vref_post,n/a,n/a,50,5.2493925265e-04,5.9053718152e-05,-9.9000000000e+99,-9.9000000000e+99,-9.9000000000e+99,4.8012856860e-04,5.2281533135e-04,5.5717298528e-04,-3.7414796286e-01,9.4925075563e-02,Gaussian,0,-1.8370536518e-04,-6.5442107234e-06,1.7061694373e-04,8.7926156156e-04,1.0564227160e-03,1.2335838705e-03,-1.8370536518e-04,-6.5442107234e-06,1.7061694373e-04,8.7926156156e-04,1.0564227160e-03,1.2335838705e-03
BEFORE_COMPUTE_DPAT,4,308,PIN3 IN3,-8.9999997616e-01,-3.0000001192e-01,50,-4.6452827275e-01,3.5022420443e-03,1.5659327058e+01,4.1446945310e+01,1.5659327058e+01,-4.6759405732e-01,-4.6528285742e-01,-4.6147248149e-01,-1.1098923822e+00,3.0106150180e-01,Multi-Modal,0,n/a,n/a,n/a,n/a,n/a,n/a,n/a,n/a,n/a,n/a,n/a,n/a
AFTER_FILTER_SAMPLES,4,308,PIN3 IN3,-8.9999997616e-01,-3.0000001192e-01,50,-4.6452827275e-01,3.5022420443e-03,1.5659327058e+01,4.1446945310e+01,1.5659327058e+01,-4.6759405732e-01,-4.6528285742e-01,-4.6147248149e-01,-1.1098923822e+00,3.0106150180e-01,Multi-Modal,0,n/a,n/a,n/a,n/a,n/a,n/a,n/a,n/a,n/a,n/a,n/a,n/a
AFTER_COMPUTE_DPAT,4,308,PIN3 IN3,-8.9999997616e-01,-3.0000001192e-01,50,-4.6452827275e-01,3.5022420443e-03,1.5659327058e+01,4.1446945310e+01,1.5659327058e+01,-4.6759405732e-01,-4.6528285742e-01,-4.6147248149e-01,-1.1098923822e+00,3.0106150180e-01,Multi-Modal,0,-5.0655517728e-01,-4.9604845115e-01,-4.8554172501e-01,-4.4351482048e-01,-4.3300809435e-01,-4.2250136822e-01,-5.0655517728e-01,-4.9604845115e-01,-4.8554172501e-01,-4.4351482048e-01,-4.3300809435e-01,-4.2250136822e-01
BEFORE_COMPUTE_DPAT,4,617,VFB14_4A,4.9549999833e-01,5.0449997187e-01,50,5.0029043138e-01,3.8878007742e-04,3.6091874137e+00,4.1072346788e+00,3.6091874137e+00,4.9999061227e-01,5.0023677945e-01,5.0067770481e-01,-9.3839245225e-01,-8.3361087856e-02,Unknown,0,n/a,n/a,n/a,n/a,n/a,n/a,n/a,n/a,n/a,n/a,n/a,n/a
AFTER_FILTER_SAMPLES,4,617,VFB14_4A,4.9549999833e-01,5.0449997187e-01,50,5.0029043138e-01,3.8878007742e-04,3.6091874137e+00,4.1072346788e+00,3.6091874137e+00,4.9999061227e-01,5.0023677945e-01,5.0067770481e-01,-9.3839245225e-01,-8.3361087856e-02,Unknown,0,n/a,n/a,n/a,n/a,n/a,n/a,n/a,n/a,n/a,n/a,n/a,n/a
AFTER_COMPUTE_DPAT,4,617,VFB14_4A,4.9549999833e-01,5.0449997187e-01,50,5.0029043138e-01,3.8878007742e-04,3.6091874137e+00,4.1072346788e+00,3.6091874137e+00,4.9999061227e-01,5.0023677945e-01,5.0067770481e-01,-9.3839245225e-01,-8.3361087856e-02,Unknown,0,4.9562507045e-01,4.9679141068e-01,4.9795775092e-01,5.0262311184e-01,5.0378945208e-01,5.0449997187e-01,4.9562507045e-01,4.9679141068e-01,4.9795775092e-01,5.0262311184e-01,5.0378945208e-01,5.0449997187e-01
BEFORE_COMPUTE_DPAT,4,606,TM_CHECK,8.9999997499e-07,1.0999999631e-06,50,1.0153674384e-06,1.1050380959e-08,2.5529293220e+00,3.4800448315e+00,2.5529293220e+00,1.0097891163e-06,1.0163364550e-06,1.0217047475e-06,-1.6546836217e-01,-3.2455446658e-01,Gaussian,0,n/a,n/a,n/a,n/a,n/a,n/a,n/a,n/a,n/a,n/a,n/a,n/a
AFTER_FILTER_SAMPLES,4,606,TM_CHECK,8.9999997499e-07,1.0999999631e-06,50,1.0153674384e-06,1.1050380959e-08,2.5529293220e+00,3.4800448315e+00,2.5529293220e+00,1.0097891163e-06,1.0163364550e-06,1.0217047475e-06,-1.6546836217e-01,-3.2455446658e-01,Gaussian,0,n/a,n/a,n/a,n/a,n/a,n/a,n/a,n/a,n/a,n/a,n/a,n/a
AFTER_COMPUTE_DPAT,4,606,TM_CHECK,8.9999997499e-07,1.0999999631e-06,50,1.0153674384e-06,1.1050380959e-08,2.5529293220e+00,3.4800448315e+00,2.5529293220e+00,1.0097891163e-06,1.0163364550e-06,1.0217047475e-06,-1.6546836217e-01,-3.2455446658e-01,Gaussian,0,8.9999997499e-07,9.1591400979e-07,9.4906515266e-07,1.0816697242e-06,1.0999999631e-06,1.0999999631e-06,8.9999997499e-07,9.1591400979e-07,9.4906515266e-07,1.0816697242e-06,1.0999999631e-06,1.0999999631e-06
BEFORE_COMPUTE_DPAT,4,507,Idrop_out,9.9999997474e-05,1.9000000320e-03,50,8.5976773407e-04,3.3330961576e-05,7.5982179998e+00,7.5982179998e+00,1.0403063186e+01,8.3866092609e-04,8.5953823873e-04,8.8290631538e-04,-3.4873153418e-01,-1.9606115929e-01,Gaussian,0,n/a,n/a,n/a,n/a,n/a,n/a,n/a,n/a,n/a,n/a,n/a,n/a
AFTER_FILTER_SAMPLES,4,507,Idrop_out,9.9999997474e-05,1.9000000320e-03,50,8.5976773407e-04,3.3330961576e-05,7.5982179998e+00,7.5982179998e+00,1.0403063186e+01,8.3866092609e-04,8.5953823873e-04,8.8290631538e-04,-3.4873153418e-01,-1.9606115929e-01,Gaussian,0,n/a,n/a,n/a,n/a,n/a,n/a,n/a,n/a,n/a,n/a,n/a,n/a
AFTER_COMPUTE_DPAT,4,507,Idrop_out,9.9999997474e-05,1.9000000320e-03,50,8.5976773407e-04,3.3330961576e-05,7.5982179998e+00,7.5982179998e+00,1.0403063186e+01,8.3866092609e-04,8.5953823873e-04,8.8290631538e-04,-3.4873153418e-01,-1.9606115929e-01,Gaussian,0,4.5979619516e-04,5.5978907989e-04,6.5978196462e-04,1.0597535035e-03,1.1597463883e-03,1.2597392730e-03,4.5979619516e-04,5.5978907989e-04,6.5978196462e-04,1.0597535035e-03,1.1597463883e-03,1.2597392730e-03
BEFORE_COMPUTE_DPAT,4,309,PIN4 IN4,-8.9999997616e-01,-3.0000001192e-01,50,-4.6463889003e-01,3.5245877268e-03,1.5570509316e+01,4.1173712585e+01,1.5570509316e+01,-4.6776965261e-01,-4.6545845270e-01,-4.6152311563e-01,-1.0684256333e+00,3.2174924353e-01,Multi-Modal,0,n/a,n/a,n/a,n/a,n/a,n/a,n/a,n/a,n/a,n/a,n/a,n/a
AFTER_FILTER_SAMPLES,4,309,PIN4 IN4,-8.9999997616e-01,-3.0000001192e-01,50,-4.6463889003e-01,3.5245877268e-03,1.5570509316e+01,4.1173712585e+01,1.5570509316e+01,-4.6776965261e-01,-4.6545845270e-01,-4.6152311563e-01,-1.0684256333e+00,3.2174924353e-01,Multi-Modal,0,n/a,n/a,n/a,n/a,n/a,n/a,n/a,n/a,n/a,n/a,n/a,n/a
AFTER_COMPUTE_DPAT,4,309,PIN4 IN4,-8.9999997616e-01,-3.0000001192e-01,50,-4.6463889003e-01,3.5245877268e-03,1.5570509316e+01,4.1173712585e+01,1.5570509316e+01,-4.6776965261e-01,-4.6545845270e-01,-4.6152311563e-01,-1.0684256333e+00,3.2174924353e-01,Multi-Modal,0,-5.0693394275e-01,-4.9636017957e-01,-4.8578641639e-01,-4.4349136367e-01,-4.3291760049e-01,-4.2234383731e-01,-5.0693394275e-01,-4.9636017957e-01,-4.8578641639e-01,-4.4349136367e-01,-4.3291760049e-01,-4.2234383731e-01
BEFORE_COMPUTE_DPAT,4,618,Load_Reg,-8.9999998454e-04,8.9999998454e-04,50,-1.4122609948e-04,1.7551315881e-04,1.4410579245e+00,1.4410579245e+00,1.9774891165e+00,-2.1636216843e-04,-1.4977152023e-04,-6.5717482357e-05,1.6427355318e+00,3.2845612535e-01,Gaussian (Right tailed),0,n/a,n/a,n/a,n/a,n/a,n/a,n/a,n/a,n/a,n/a,n/a,n/a
AFTER_FILTER_SAMPLES,4,618,Load_Reg,-8.9999998454e-04,8.9999998454e-04,50,-1.4122609948e-04,1.7551315881e-04,1.4410579245e+00,1.4410579245e+00,1.9774891165e+00,-2.1636216843e-04,-1.4977152023e-04,-6.5717482357e-05,1.6427355318e+00,3.2845612535e-01,Gaussian (Right tailed),0,n/a,n/a,n/a,n/a,n/a,n/a,n/a,n/a,n/a,n/a,n/a,n/a
AFTER_COMPUTE_DPAT,4,618,Load_Reg,-8.9999998454e-04,8.9999998454e-04,50,-1.4122609948e-04,1.7551315881e-04,1.4410579245e+00,1.4410579245e+00,1.9774891165e+00,-2.1636216843e-04,-1.4977152023e-04,-6.5717482357e-05,1.6427355318e+00,3.2845612535e-01,Gaussian (Right tailed),0,-8.9999998454e-04,-8.9999998454e-04,-8.9999998454e-04,8.9999998454e-04,8.9999998454e-04,8.9999998454e-04,-8.9999998454e-04,-8.9999998454e-04,-8.9999998454e-04,8.9999998454e-04,8.9999998454e-04,8.9999998454e-04
BEFORE_COMPUTE_DPAT,4,607,VO18_4A,1.4850000143e+00,1.5299999714e+00,50,1.5018236184e+00,1.0395578611e-03,5.3944741753e+00,5.3944741753e+00,9.0347233285e+00,1.5008387566e+00,1.5020182729e+00,1.5027440786e+00,-8.8467963864e-01,-2.0199616083e-01,Clamped (Right),0,n/a,n/a,n/a,n/a,n/a,n/a,n/a,n/a,n/a,n/a,n/a,n/a
AFTER_FILTER_SAMPLES,4,607,VO18_4A,1.4850000143e+00,1.5299999714e+00,50,1.5018236184e+00,1.0395578611e-03,5.3944741753e+00,5.3944741753e+00,9.0347233285e+00,1.5008387566e+00,1.5020182729e+00,1.5027440786e+00,-8.8467963864e-01,-2.0199616083e-01,Clamped (Right),0,n/a,n/a,n/a,n/a,n/a,n/a,n/a,n/a,n/a,n/a,n/a,n/a
AFTER_COMPUTE_DPAT,4,607,VO18_4A,1.4850000143e+00,1.5299999714e+00,50,1.5018236184e+00,1.0395578611e-03,5.3944741753e+00,5.3944741753e+00,9.0347233285e+00,1.5008387566e+00,1.5020182729e+00,1.5027440786e+00,-8.8467963864e-01,-2.0199616083e-01,Clamped (Right),0,1.4955862712e+00,1.4976653870e+00,1.4987049448e+00,1.5080609656e+00,1.5111796392e+00,1.5142983127e+00,1.4955862712e+00,1.4976653870e+00,1.4987049448e+00,1.5080609656e+00,1.5111796392e+00,1.5142983127e+00
BEFORE_COMPUTE_DPAT,4,508,Ien_low,-8.9999997499e-07,8.9999997499e-07,50,-6.9630212873e-10,1.4907090375e-10,2.0109081209e+03,2.0109081209e+03,2.0140220849e+03,-8.1601536639e-10,-7.0196531921e-10,-5.8791527202e-10,-8.5665344916e-01,-1.2604616677e-01,Multi-Modal,0,n/a,n/a,n/a,n/a,n/a,n/a,n/a,n/a,n/a,n/a,n/a,n/a
AFTER_FILTER_SAMPLES,4,508,Ien_low,-8.9999997499e-07,8.9999997499e-07,50,-6.9630212873e-10,1.4907090375e-10,2.0109081209e+03,2.0109081209e+03,2.0140220849e+03,-8.1601536639e-10,-7.0196531921e-10,-5.8791527202e-10,-8.5665344916e-01,-1.2604616677e-01,Multi-Modal,0,n/a,n/a,n/a,n/a,n/a,n/a,n/a,n/a,n/a,n/a,n/a,n/a
AFTER_COMPUTE_DPAT,4,508,Ien_low,-8.9999997499e-07,8.9999997499e-07,50,-6.9630212873e-10,1.4907090375e-10,2.0109081209e+03,2.0109081209e+03,2.0140220849e+03,-8.1601536639e-10,-7.0196531921e-10,-5.8791527202e-10,-8.5665344916e-01,-1.2604616677e-01,Multi-Modal,0,-8.9999997499e-07,-8.9999997499e-07,-8.9999997499e-07,8.9999997499e-07,8.9999997499e-07,8.9999997499e-07,-8.9999997499e-07,-8.9999997499e-07,-8.9999997499e-07,8.9999997499e-07,8.9999997499e-07,8.9999997499e-07
BEFORE_COMPUTE_DPAT,4,409,Vfb_post,4.9099999666e-01,5.0900000334e-01,50,5.0010483265e-01,3.1105797687e-04,9.5321680094e+00,9.7568477734e+00,9.5321680094e+00,4.9983653426e-01,5.0011864305e-01,5.0036537647e-01,-1.0278697983e+00,-2.4143313910e-01,Clamped (Both sides),0,n/a,n/a,n/a,n/a,n/a,n/a,n/a,n/a,n/a,n/a,n/a,n/a
AFTER_FILTER_SAMPLES,4,409,Vfb_post,4.9099999666e-01,5.0900000334e-01,50,5.0010483265e-01,3.1105797687e-04,9.5321680094e+00,9.7568477734e+00,9.5321680094e+00,4.9983653426e-01,5.0011864305e-01,5.0036537647e-01,-1.0278697983e+00,-2.4143313910e-01,Clamped (Both sides),0,n/a,n/a,n/a,n/a,n/a,n/a,n/a,n/a,n/a,n/a,n/a,n/a
AFTER_COMPUTE_DPAT,4,409,Vfb_post,4.9099999666e-01,5.0900000334e-01,50,5.0010483265e-01,3.1105797687e-04,9.5321680094e+00,9.7568477734e+00,9.5321680094e+00,4.9983653426e-01,5.0011864305e-01,5.0036537647e-01,-1.0278697983e+00,-2.4143313910e-01,Clamped (Both sides),0,4.9823848479e-01,4.9886060074e-01,4.9917165872e-01,5.0103800658e-01,5.0134906456e-01,5.0197118051e-01,4.9823848479e-01,4.9886060074e-01,4.9917165872e-01,5.0103800658e-01,5.0134906456e-01,5.0197118051e-01
BEFORE_COMPUTE_DPAT,4,619,VO_Char,4.9549999833e-01,5.0449997187e-01,50,5.0027679205e-01,3.1448591480e-04,4.4762787122e+00,5.0630711832e+00,4.4762787122e+00,5.0004166365e-01,5.0027030706e-01,5.0054138899e-01,-9.2490301474e-01,-1.4376269782e-01,Unknown,0,n/a,n/a,n/a,n/a,n/a,n/a,n/a,n/a,n/a,n/a,n/a,n/a
AFTER_FILTER_SAMPLES,4,619,VO_Char,4.9549999833e-01,5.0449997187e-01,50,5.0027679205e-01,3.1448591480e-04,4.4762787122e+00,5.0630711832e+00,4.4762787122e+00,5.0004166365e-01,5.0027030706e-01,5.0054138899e-01,-9.2490301474e-01,-1.4376269782e-01,Unknown,0,n/a,n/a,n/a,n/a,n/a,n/a,n/a,n/a,n/a,n/a,n/a,n/a
AFTER_COMPUTE_DPAT,4,619,VO_Char,4.9549999833e-01,5.0449997187e-01,50,5.0027679205e-01,3.1448591480e-04,4.4762787122e+00,5.0630711832e+00,4.4762787122e+00,5.0004166365e-01,5.0027030706e-01,5.0054138899e-01,-9.2490301474e-01,-1.4376269782e-01,Unknown,0,4.9650296107e-01,4.9744641882e-01,4.9838987656e-01,5.0216370754e-01,5.0310716528e-01,5.0405062303e-01,4.9650296107e-01,4.9744641882e-01,4.9838987656e-01,5.0216370754e-01,5.0310716528e-01,5.0405062303e-01
BEFORE_COMPUTE_DPAT,4,509,Ifb,-8.9999997499e-07,8.9999997499e-07,50,-8.5431107788e-09,5.3902762052e-10,5.5127469680e+02,5.5127469680e+02,5.6184077351e+02,-8.9978691165e-09,-8.5418530027e-09,-8.2745330587e-09,2.4314825235e-01,3.4033168701e-01,Multi-Modal,0,n/a,n/a,n/a,n/a,n/a,n/a,n/a,n/a,n/a,n/a,n/a,n/a
AFTER_FILTER_SAMPLES,4,509,Ifb,-8.9999997499e-07,8.9999997499e-07,50,-8.5431107788e-09,5.3902762052e-10,5.5127469680e+02,5.5127469680e+02,5.6184077351e+02,-8.9978691165e-09,-8.5418530027e-09,-8.2745330587e-09,2.4314825235e-01,3.4033168701e-01,Multi-Modal,0,n/a,n/a,n/a,n/a,n/a,n/a,n/a,n/a,n/a,n/a,n/a,n/a
AFTER_COMPUTE_DPAT,4,509,Ifb,-8.9999997499e-07,8.9999997499e-07,50,-8.5431107788e-09,5.3902762052e-10,5.5127469680e+02,5.5127469680e+02,5.6184077351e+02,-8.9978691165e-09,-8.5418530027e-09,-8.2745330587e-09,2.4314825235e-01,3.4033168701e-01,Multi-Modal,0,-8.9999997499e-07,-8.9999997499e-07,-8.9999997499e-07,8.9999997499e-07,8.9999997499e-07,8.9999997499e-07,-8.9999997499e-07,-8.9999997499e-07,-8.9999997499e-07,8.9999997499e-07,8.9999997499e-07,8.9999997499e-07
BEFORE_COMPUTE_DPAT,4,609,VFB18_4A,4.9549999833e-01,5.0449997187e-01,50,5.0031714022e-01,3.2830468057e-04,4.2469002044e+00,4.8909261992e+00,4.2469002044e+00,5.0009530783e-01,5.0029924512e-01,5.0061154366e-01,-8.9418733202e-01,-1.2475379925e-01,Gaussian,0,n/a,n/a,n/a,n/a,n/a,n/a,n/a,n/a,n/a,n/a,n/a,n/a
AFTER_FILTER_SAMPLES,4,609,VFB18_4A,4.9549999833e-01,5.0449997187e-01,50,5.0031714022e-01,3.2830468057e-04,4.2469002044e+00,4.8909261992e+00,4.2469002044e+00,5.0009530783e-01,5.0029924512e-01,5.0061154366e-01,-8.9418733202e-01,-1.2475379925e-01,Gaussian,0,n/a,n/a,n/a,n/a,n/a,n/a,n/a,n/a,n/a,n/a,n/a,n/a
AFTER_COMPUTE_DPAT,4,609,VFB18_4A,4.9549999833e-01,5.0449997187e-01,50,5.0031714022e-01,3.2830468057e-04,4.2469002044e+00,4.8909261992e+00,4.2469002044e+00,5.0009530783e-01,5.0029924512e-01,5.0061154366e-01,-8.9418733202e-01,-1.2475379925e-01,Gaussian,0,4.9637748405e-01,4.9736239810e-01,4.9834731214e-01,5.0228696831e-01,5.0327188235e-01,5.0425679639e-01,4.9637748405e-01,4.9736239810e-01,4.9834731214e-01,5.0228696831e-01,5.0327188235e-01,5.0425679639e-01
BEFORE_COMPUTE_DPAT,4,420,Ilim8_sc,1.6399999857e+00,2.7899999619e+00,50,2.1910733104e+00,8.2180716615e-02,2.2352093751e+00,2.2352093751e+00,2.4293073288e+00,2.1282994747e+00,2.1871948242e+00,2.2445473671e+00,4.5372997194e-01,1.6179896997e-01,Gaussian,0,n/a,n/a,n/a,n/a,n/a,n/a,n/a,n/a,n/a,n/a,n/a,n/a
AFTER_FILTER_SAMPLES,4,420,Ilim8_sc,1.6399999857e+00,2.7899999619e+00,50,2.1910733104e+00,8.2180716615e-02,2.2352093751e+00,2.2352093751e+00,2.4293073288e+00,2.1282994747e+00,2.1871948242e+00,2.2445473671e+00,4.5372997194e-01,1.6179896997e-01,Gaussian,0,n/a,n/a,n/a,n/a,n/a,n/a,n/a,n/a,n/a,n/a,n/a,n/a
AFTER_COMPUTE_DPAT,4,420,Ilim8_sc,1.6399999857e+00,2.7899999619e+00,50,2.1910733104e+00,8.2180716615e-02,2.2352093751e+00,2.2352093751e+00,2.4293073288e+00,2.1282994747e+00,2.1871948242e+00,2.2445473671e+00,4.5372997194e-01,1.6179896997e-01,Gaussian,0,1.6399999857e+00,1.6399999857e+00,1.6979890107e+00,2.6841576101e+00,2.7899999619e+00,2.7899999619e+00,1.6399999857e+00,1.6399999857e+00,1.6979890107e+00,2.6841576101e+00,2.7899999619e+00,2.7899999619e+00
BEFORE_COMPUTE_DPAT,4,310,PIN5 IN5,-8.9999997616e-01,-3.0000001192e-01,50,-4.6471074522e-01,3.4856607878e-03,1.5751268155e+01,4.1626658229e+01,1.5751268155e+01,-4.6792179346e-01,-4.6548539400e-01,-4.6154966950e-01,-1.0727719160e+00,3.3719434029e-01,Multi-Modal,0,n/a,n/a,n/a,n/a,n/a,n/a,n/a,n/a,n/a,n/a,n/a,n/a
AFTER_FILTER_SAMPLES,4,310,PIN5 IN5,-8.9999997616e-01,-3.0000001192e-01,50,-4.6471074522e-01,3.4856607878e-03,1.5751268155e+01,4.1626658229e+01,1.5751268155e+01,-4.6792179346e-01,-4.6548539400e-01,-4.6154966950e-01,-1.0727719160e+00,3.3719434029e-01,Multi-Modal,0,n/a,n/a,n/a,n/a,n/a,n/a,n/a,n/a,n/a,n/a,n/a,n/a
AFTER_COMPUTE_DPAT,4,310,PIN5 IN5,-8.9999997616e-01,-3.0000001192e-01,50,-4.6471074522e-01,3.4856607878e-03,1.5751268155e+01,4.1626658229e+01,1.5751268155e+01,-4.6792179346e-01,-4.6548539400e-01,-4.6154966950e-01,-1.0727719160e+00,3.3719434029e-01,Multi-Modal,0,-5.0653867467e-01,-4.9608169231e-01,-4.8562470994e-01,-4.4379678049e-01,-4.3333979813e-01,-4.2288281576e-01,-5.0653867467e-01,-4.9608169231e-01,-4.8562470994e-01,-4.4379678049e-01,-4.3333979813e-01,-4.2288281576e-01
